METHOD,THRESHOLD,AUPRC_all,BEST_THRESHOLD_all,BEST_F1-SCORE_all,AUPRC_strong,BEST_THRESHOLD_strong,BEST_F1-SCORE_strong,AUPRC_weak,BEST_THRESHOLD_weak,BEST_F1-SCORE_weak,TN_all_seg,FP_all_seg,FN_all_seg,TP_all_seg,Recall_all_seg,Precision_all_seg,F1-score_all_seg,Iou_all_seg,TN_all_class_clas,FP_all_class_clas,FN_all_class_clas,TP_all_class_clas,Recall_all_class_clas,Precision_all_class_clas,F1-score_all_class_clas,Iou_all_class_clas,FPR_all_class_clas,TN_strong_seg,FP_strong_seg,FN_strong_seg,TP_strong_seg,Recall_strong_seg,Precision_strong_seg,F1-score_strong_seg,Iou_strong_seg,TN_strong_class_clas,FP_strong_class_clas,FN_strong_class_clas,TP_strong_class_clas,Recall_strong_class_clas,Precision_strong_class_clas,F1-score_strong_class_clas,Iou_strong_class_clas,FPR_strong_class_clas,TN_weak_seg,FP_weak_seg,FN_weak_seg,TP_weak_seg,Recall_weak_seg,Precision_weak_seg,F1-score_weak_seg,Iou_weak_seg,TN_weak_class_clas,FP_weak_class_clas,FN_weak_class_clas,TP_weak_class_clas,Recall_weak_class_clas,Precision_weak_class_clas,F1-score_weak_class_clas,Iou_weak_class_clas,FPR_weak_class_clas
MAG1Cdata_selected_50_evenly_spaced,0,0.06126983246630762,1662.5302,0.1378324002874111,0.3551611965482443,1289.1285,0.4766233899450916,0.03169387101751785,1376.5288,0.08008472382472764,89977833,702229,31269,183197,0.8542006658398068,0.20690266606130833,0.3331181606921407,0.1998450956970421,0,26,0,26,1.0,0.5,0.6666666666666666,0.5,1.0,17136599,176850,22837,151074,0.8686857070570579,0.46069821056098365,0.6020863431207469,0.43070352747312274,0,26,0,11,1.0,0.2972972972972973,0.4583333333333333,0.2972972972972973,1.0,28512385,181972,8432,32123,0.7920848230797682,0.1500408697073729,0.2522913803259376,0.1443555164092447,0,26,0,15,1.0,0.36585365853658536,0.5357142857142857,0.36585365853658536,1.0
MAG1Cdata_selected_50_evenly_spaced,100,0.06126983246630762,1662.5302,0.1378324002874111,0.3551611965482443,1289.1285,0.4766233899450916,0.03169387101751785,1376.5288,0.08008472382472764,89982954,697108,31400,183066,0.8535898464092211,0.20798842047140678,0.33447708835781625,0.20082406913755768,0,26,0,26,1.0,0.5,0.6666666666666666,0.5,1.0,17138033,175416,22946,150965,0.8680589496926588,0.4625422435742277,0.6035075515898715,0.4321595525109711,0,26,0,11,1.0,0.2972972972972973,0.4583333333333333,0.2972972972972973,1.0,28513647,180710,8454,32101,0.791542349895204,0.15084276658631368,0.2533962725859034,0.14507942964318804,0,26,0,15,1.0,0.36585365853658536,0.5357142857142857,0.36585365853658536,1.0
MAG1Cdata_selected_50_evenly_spaced,200,0.06126983246630762,1662.5302,0.1378324002874111,0.3551611965482443,1289.1285,0.4766233899450916,0.03169387101751785,1376.5288,0.08008472382472764,90005348,674714,32034,182432,0.8506336668749359,0.21283655293263926,0.34048144291030713,0.20516880721563688,0,26,0,26,1.0,0.5,0.6666666666666666,0.5,1.0,17143859,169590,23466,150445,0.8650689145597461,0.4700892089927664,0.6091556566912173,0.4379754352971316,0,26,0,11,1.0,0.2972972972972973,0.4583333333333333,0.2972972972972973,1.0,28518470,175887,8568,31987,0.7887313524842806,0.15387686771794454,0.2575142193544232,0.1477855499394757,0,26,0,15,1.0,0.36585365853658536,0.5357142857142857,0.36585365853658536,1.0
MAG1Cdata_selected_50_evenly_spaced,300,0.06126983246630762,1662.5302,0.1378324002874111,0.3551611965482443,1289.1285,0.4766233899450916,0.03169387101751785,1376.5288,0.08008472382472764,90071041,609021,35263,179203,0.8355776673225593,0.22735034710945112,0.35744447436396093,0.217614850021919,0,26,0,26,1.0,0.5,0.6666666666666666,0.5,1.0,17162615,150834,26231,147680,0.8491699777472386,0.4947171656940713,0.6251997671588082,0.4547568091887481,0,26,0,11,1.0,0.2972972972972973,0.4583333333333333,0.2972972972972973,1.0,28533288,161069,9032,31523,0.7772900998643817,0.1636776190080585,0.27041308702235073,0.15634547474507002,0,26,0,15,1.0,0.36585365853658536,0.5357142857142857,0.36585365853658536,1.0
MAG1Cdata_selected_50_evenly_spaced,400,0.06126983246630762,1662.5302,0.1378324002874111,0.3551611965482443,1289.1285,0.4766233899450916,0.03169387101751785,1376.5288,0.08008472382472764,90160599,519463,41542,172924,0.8063002993481484,0.24975050080374125,0.3813716225231653,0.23561407166088272,0,26,0,26,1.0,0.5,0.6666666666666666,0.5,1.0,17189337,124112,31347,142564,0.8197526320934271,0.5345962891298804,0.6471548184581024,0.47836576371622325,0,26,0,11,1.0,0.2972972972972973,0.4583333333333333,0.2972972972972973,1.0,28555556,138801,10195,30360,0.7486129946985575,0.1794739922322521,0.2895344179747849,0.16927228528736146,0,26,0,15,1.0,0.36585365853658536,0.5357142857142857,0.36585365853658536,1.0
MAG1Cdata_selected_50_evenly_spaced,500,0.06126983246630762,1662.5302,0.1378324002874111,0.3551611965482443,1289.1285,0.4766233899450916,0.03169387101751785,1376.5288,0.08008472382472764,90252509,427553,49920,164546,0.7672358322531311,0.2779028507057097,0.4080167128501733,0.2562945956428081,0,26,0,26,1.0,0.5,0.6666666666666666,0.5,1.0,17217093,96356,37959,135952,0.7817331853649281,0.585223065929714,0.6693532306465231,0.5030284866446884,0,26,0,11,1.0,0.2972972972972973,0.4583333333333333,0.2972972972972973,1.0,28579591,114766,11961,28594,0.7050671927012698,0.19945591517857142,0.3109479922790419,0.18409616214162927,0,26,0,15,1.0,0.36585365853658536,0.5357142857142857,0.36585365853658536,1.0
MAG1Cdata_selected_50_evenly_spaced,600,0.06126983246630762,1662.5302,0.1378324002874111,0.3551611965482443,1289.1285,0.4766233899450916,0.03169387101751785,1376.5288,0.08008472382472764,90334255,345807,58989,155477,0.7249494092303675,0.3101575155001955,0.43444498777506113,0.27750221766888644,0,26,0,26,1.0,0.5,0.6666666666666666,0.5,1.0,17240822,72627,44821,129090,0.7422762217456055,0.6399559779294755,0.6873289531131864,0.5236109646383114,0,26,0,11,1.0,0.2972972972972973,0.4583333333333333,0.2972972972972973,1.0,28601776,92581,14168,26387,0.6506472691406732,0.22179913926434,0.33082376835942157,0.19819582982814565,0,26,0,15,1.0,0.36585365853658536,0.5357142857142857,0.36585365853658536,1.0
MAG1Cdata_selected_50_evenly_spaced,700,0.06126983246630762,1662.5302,0.1378324002874111,0.3551611965482443,1289.1285,0.4766233899450916,0.03169387101751785,1376.5288,0.08008472382472764,90401384,278678,68295,146171,0.6815579159400558,0.34405400507003664,0.4572738008649883,0.2964063235079409,0,26,0,26,1.0,0.5,0.6666666666666666,0.5,1.0,17259889,53560,51731,122180,0.7025432548832449,0.6952315921247297,0.6988683001049618,0.5371234135340329,0,26,0,11,1.0,0.2972972972972973,0.4583333333333333,0.2972972972972973,1.0,28620099,74258,16564,23991,0.5915670077672297,0.24418569145741942,0.34568168064320914,0.2089571738391994,0,26,0,15,1.0,0.36585365853658536,0.5357142857142857,0.36585365853658536,1.0
MAG1Cdata_selected_50_evenly_spaced,800,0.06126983246630762,1662.5302,0.1378324002874111,0.3551611965482443,1289.1285,0.4766233899450916,0.03169387101751785,1376.5288,0.08008472382472764,90455286,224776,78152,136314,0.635597250846288,0.3775069927164973,0.4736776265037634,0.3103391752154849,0,26,0,26,1.0,0.5,0.6666666666666666,0.5,1.0,17274496,38953,58882,115029,0.6614245217381304,0.7470288735046954,0.7016252253021564,0.5403872895369813,0,26,0,11,1.0,0.2972972972972973,0.4583333333333333,0.2972972972972973,1.0,28634795,59562,19270,21285,0.5248428060658366,0.26327507514193477,0.35065320175944387,0.21260125652986006,0,26,0,15,1.0,0.36585365853658536,0.5357142857142857,0.36585365853658536,1.0
MAG1Cdata_selected_50_evenly_spaced,900,0.06126983246630762,1662.5302,0.1378324002874111,0.3551611965482443,1289.1285,0.4766233899450916,0.03169387101751785,1376.5288,0.08008472382472764,90498063,181999,87829,126637,0.5904758796266075,0.4103118236369056,0.4841770820987112,0.3194153330054355,0,26,0,26,1.0,0.5,0.6666666666666666,0.5,1.0,17285309,28140,66211,107700,0.6192822765667496,0.7928445229681979,0.6953972707109904,0.5330337390064884,0,26,0,11,1.0,0.2972972972972973,0.4583333333333333,0.2972972972972973,1.0,28646310,48047,21618,18937,0.466946122549624,0.28270930371431985,0.35218850835510834,0.21373106701880318,0,26,0,15,1.0,0.36585365853658536,0.5357142857142857,0.36585365853658536,1.0
MAG1Cdata_selected_50_evenly_spaced,1000,0.06126983246630762,1662.5302,0.1378324002874111,0.3551611965482443,1289.1285,0.4766233899450916,0.03169387101751785,1376.5288,0.08008472382472764,90531174,148888,97931,116535,0.543372842315332,0.43905388756814595,0.4856748123003445,0.3207202893046451,1,25,0,26,1.0,0.5098039215686274,0.6753246753246753,0.5098039215686274,0.9615384615384616,17293086,20363,73917,99994,0.5749722559240071,0.8308116686191912,0.6796117824568081,0.5147060337461523,1,25,0,11,1.0,0.3055555555555556,0.46808510638297873,0.3055555555555556,0.9615384615384616,28655375,38982,24014,16541,0.4078658611761805,0.2979125767699872,0.34432440308915674,0.20796610382589234,1,25,0,15,1.0,0.375,0.5454545454545454,0.375,0.9615384615384616
MAG1Cdata_selected_50_evenly_spaced,1100,0.06126983246630762,1662.5302,0.1378324002874111,0.3551611965482443,1289.1285,0.4766233899450916,0.03169387101751785,1376.5288,0.08008472382472764,90556835,123227,107652,106814,0.49804631037087466,0.46432592450910926,0.4805953562036143,0.3163050462994495,1,25,0,26,1.0,0.5098039215686274,0.6753246753246753,0.5098039215686274,0.9615384615384616,17298572,14877,81582,92329,0.5308979880513596,0.8612297819151913,0.6568724054397279,0.48906180477572725,1,25,0,11,1.0,0.3055555555555556,0.46808510638297873,0.3055555555555556,0.9615384615384616,28662272,32085,26070,14485,0.35716927629145606,0.3110371483787846,0.3325107604017217,0.19940803964757708,1,25,0,15,1.0,0.375,0.5454545454545454,0.375,0.9615384615384616
MAG1Cdata_selected_50_evenly_spaced,1200,0.06126983246630762,1662.5302,0.1378324002874111,0.3551611965482443,1289.1285,0.4766233899450916,0.03169387101751785,1376.5288,0.08008472382472764,90576915,103147,116878,97588,0.4550278365801572,0.4861533863053279,0.4700759391234607,0.3072544259838231,1,25,0,26,1.0,0.5098039215686274,0.6753246753246753,0.5098039215686274,0.9615384615384616,17302214,11235,88914,84997,0.48873849267728897,0.8832508936736221,0.6292741251855499,0.45908094152722717,1,25,0,11,1.0,0.3055555555555556,0.46808510638297873,0.3055555555555556,0.9615384615384616,28667653,26704,27964,12591,0.31046726667488594,0.32042244560376637,0.31536631183469005,0.18720171278193254,1,25,0,15,1.0,0.375,0.5454545454545454,0.375,0.9615384615384616
MAG1Cdata_selected_50_evenly_spaced,1300,0.06126983246630762,1662.5302,0.1378324002874111,0.3551611965482443,1289.1285,0.4766233899450916,0.03169387101751785,1376.5288,0.08008472382472764,90592993,87069,125409,89057,0.41524996969216565,0.5056436869059651,0.45601036375553006,0.2953454822823221,1,25,0,26,1.0,0.5098039215686274,0.6753246753246753,0.5098039215686274,0.9615384615384616,17304846,8603,95799,78112,0.4491492775040107,0.9007899440696535,0.5994183235747776,0.42797812770527194,1,25,0,11,1.0,0.3055555555555556,0.46808510638297873,0.3055555555555556,0.9615384615384616,28671896,22461,29610,10945,0.26988040932067564,0.3276357540561576,0.2959667933099877,0.17368604798781262,1,25,0,15,1.0,0.375,0.5454545454545454,0.375,0.9615384615384616
MAG1Cdata_selected_50_evenly_spaced,1400,0.06126983246630762,1662.5302,0.1378324002874111,0.3551611965482443,1289.1285,0.4766233899450916,0.03169387101751785,1376.5288,0.08008472382472764,90605790,74272,133002,81464,0.37984575643691776,0.5230903580418144,0.44010567203850876,0.2821381321474832,2,24,0,26,1.0,0.52,0.6842105263157895,0.52,0.9230769230769231,17306577,6872,102081,71830,0.4130273530713986,0.912683286320551,0.5686959895175624,0.3973271823124962,2,24,0,11,1.0,0.3142857142857143,0.4782608695652174,0.3142857142857143,0.9230769230769231,28675129,19228,30921,9634,0.2375539390950561,0.33379530178088834,0.27756889522739386,0.16114949065787934,2,24,0,15,1.0,0.38461538461538464,0.5555555555555556,0.38461538461538464,0.9230769230769231
MAG1Cdata_selected_50_evenly_spaced,1500,0.06126983246630762,1662.5302,0.1378324002874111,0.3551611965482443,1289.1285,0.4766233899450916,0.03169387101751785,1376.5288,0.08008472382472764,90616401,63661,139652,74814,0.34883851053313814,0.5402708070048745,0.42394621197310595,0.268992222977273,2,24,0,26,1.0,0.52,0.6842105263157895,0.52,0.9230769230769231,17307843,5606,107536,66375,0.38166073451363053,0.9221183367833178,0.5398711629495876,0.369742141412791,2,24,0,11,1.0,0.3142857142857143,0.4782608695652174,0.3142857142857143,0.9230769230769231,28677953,16404,32116,8439,0.2080877820244113,0.3396932737592078,0.2580812868895073,0.14815920223318527,2,24,0,15,1.0,0.38461538461538464,0.5555555555555556,0.38461538461538464,0.9230769230769231
MAG1Cdata_selected_50_evenly_spaced,1600,0.06126983246630762,1662.5302,0.1378324002874111,0.3551611965482443,1289.1285,0.4766233899450916,0.03169387101751785,1376.5288,0.08008472382472764,90624969,55093,145381,69085,0.32212565161843837,0.5563384818566895,0.4080095911931113,0.2562889756973427,2,24,0,26,1.0,0.52,0.6842105263157895,0.52,0.9230769230769231,17308836,4613,112209,61702,0.3547906687903583,0.9304380607705647,0.513699599543763,0.3456229974681275,2,24,0,11,1.0,0.3142857142857143,0.4782608695652174,0.3142857142857143,0.9230769230769231,28680121,14236,33172,7383,0.18204906916533103,0.34150515750034693,0.23749477273458358,0.13474840758518736,2,24,0,15,1.0,0.38461538461538464,0.5555555555555556,0.38461538461538464,0.9230769230769231
MAG1Cdata_selected_50_evenly_spaced,1700,0.06126983246630762,1662.5302,0.1378324002874111,0.3551611965482443,1289.1285,0.4766233899450916,0.03169387101751785,1376.5288,0.08008472382472764,90631888,48174,150451,64015,0.29848554083164697,0.5705996131528046,0.3919425693774778,0.2437366737739872,2,24,0,26,1.0,0.52,0.6842105263157895,0.52,0.9230769230769231,17309574,3875,116447,57464,0.3304218824571189,0.9368264888570078,0.48853560042507976,0.3232200510726379,2,24,0,11,1.0,0.3142857142857143,0.4782608695652174,0.3142857142857143,0.9230769230769231,28681918,12439,34004,6551,0.16153371963999508,0.344971037388099,0.22003526744478966,0.12361776804921312,2,24,0,15,1.0,0.38461538461538464,0.5555555555555556,0.38461538461538464,0.9230769230769231
MAG1Cdata_selected_50_evenly_spaced,1800,0.06126983246630762,1662.5302,0.1378324002874111,0.3551611965482443,1289.1285,0.4766233899450916,0.03169387101751785,1376.5288,0.08008472382472764,90637718,42344,154678,59788,0.27877612302183097,0.5853992871969608,0.37769032021680493,0.23281024882208637,4,22,0,26,1.0,0.5416666666666666,0.7027027027027027,0.5416666666666666,0.8461538461538461,17310188,3261,120006,53905,0.309957391999356,0.9429556029807927,0.4665544385637688,0.30425236493351093,4,22,0,11,1.0,0.3333333333333333,0.5,0.3333333333333333,0.8461538461538461,28683378,10979,34672,5883,0.14506226112686474,0.3488909975091923,0.2049218872459376,0.1141576434974968,4,22,0,15,1.0,0.40540540540540543,0.5769230769230769,0.40540540540540543,0.8461538461538461
MAG1Cdata_selected_50_evenly_spaced,1900,0.06126983246630762,1662.5302,0.1378324002874111,0.3551611965482443,1289.1285,0.4766233899450916,0.03169387101751785,1376.5288,0.08008472382472764,90642816,37246,158506,55960,0.26092713996624173,0.6003905327983177,0.36376400842455603,0.22231756928553267,4,22,0,26,1.0,0.5416666666666666,0.7027027027027027,0.5416666666666666,0.8461538461538461,17310706,2743,123310,50601,0.29095916877023303,0.9485790341931614,0.4453235352357484,0.2864412920171635,4,22,0,11,1.0,0.3333333333333333,0.5,0.3333333333333333,0.8461538461538461,28684612,9745,35196,5359,0.1321415361854272,0.3548066737288136,0.19256544314486426,0.10654075546719682,4,22,0,15,1.0,0.40540540540540543,0.5769230769230769,0.40540540540540543,0.8461538461538461
MAG1Cdata_selected_50_evenly_spaced,2000,0.06126983246630762,1662.5302,0.1378324002874111,0.3551611965482443,1289.1285,0.4766233899450916,0.03169387101751785,1376.5288,0.08008472382472764,90647095,32967,162193,52273,0.24373560377868753,0.6132449554199906,0.34882851861490927,0.21126123031285238,6,20,0,26,1.0,0.5652173913043478,0.7222222222222222,0.5652173913043478,0.7692307692307693,17311034,2415,126502,47409,0.27260495310819904,0.9515293834296724,0.4237960086709724,0.2688712952145458,6,20,0,11,1.0,0.3548387096774194,0.5238095238095238,0.3548387096774194,0.7692307692307693,28685684,8673,35691,4864,0.11993588953273332,0.3593115165841767,0.1798417510907343,0.09880555781262695,6,20,0,15,1.0,0.42857142857142855,0.6,0.42857142857142855,0.7692307692307693
MAG1Cdata_selected_50_evenly_spaced,2100,0.06126983246630762,1662.5302,0.1378324002874111,0.3551611965482443,1289.1285,0.4766233899450916,0.03169387101751785,1376.5288,0.08008472382472764,90650827,29235,165505,48961,0.2282925964954818,0.6261317714461098,0.33459075657242826,0.2009060282887637,7,19,0,26,1.0,0.5777777777777777,0.732394366197183,0.5777777777777777,0.7307692307692307,17311338,2111,129333,44578,0.25632651183651406,0.9547859238792863,0.40415231187669987,0.25325243435479655,7,19,0,11,1.0,0.36666666666666664,0.5365853658536585,0.36666666666666664,0.7307692307692307,28686705,7652,36172,4383,0.10807545308839847,0.36418778562525966,0.16668568168853393,0.09092040575020226,7,19,0,15,1.0,0.4411764705882353,0.6122448979591837,0.4411764705882353,0.7307692307692307
MAG1Cdata_selected_50_evenly_spaced,2200,0.06126983246630762,1662.5302,0.1378324002874111,0.3551611965482443,1289.1285,0.4766233899450916,0.03169387101751785,1376.5288,0.08008472382472764,90654081,25981,168653,45813,0.21361427918644446,0.6381173914254673,0.3200796478725634,0.19053263297109135,7,19,0,26,1.0,0.5777777777777777,0.732394366197183,0.5777777777777777,0.7307692307692307,17311635,1814,131984,41927,0.24108308272622203,0.9585286116001006,0.3852663885468546,0.23859439465073268,7,19,0,11,1.0,0.36666666666666664,0.5365853658536585,0.36666666666666664,0.7307692307692307,28687505,6852,36669,3886,0.09582049069165331,0.3618923449431924,0.15152165012769775,0.08197101693842682,7,19,0,15,1.0,0.4411764705882353,0.6122448979591837,0.4411764705882353,0.7307692307692307
MAG1Cdata_selected_50_evenly_spaced,2300,0.06126983246630762,1662.5302,0.1378324002874111,0.3551611965482443,1289.1285,0.4766233899450916,0.03169387101751785,1376.5288,0.08008472382472764,90656951,23111,171454,43012,0.2005539339568976,0.6504847027509338,0.30658365082023886,0.181044461374628,7,19,0,26,1.0,0.5777777777777777,0.732394366197183,0.5777777777777777,0.7307692307692307,17311784,1665,134356,39555,0.22744392246608897,0.9596069868995634,0.3677294299752244,0.2252870551783843,7,19,0,11,1.0,0.36666666666666664,0.5365853658536585,0.36666666666666664,0.7307692307692307,28688195,6162,37098,3457,0.08524226359265195,0.35939286828152617,0.13780045441862318,0.07399875848192307,7,19,0,15,1.0,0.4411764705882353,0.6122448979591837,0.4411764705882353,0.7307692307692307
MAG1Cdata_selected_50_evenly_spaced,2400,0.06126983246630762,1662.5302,0.1378324002874111,0.3551611965482443,1289.1285,0.4766233899450916,0.03169387101751785,1376.5288,0.08008472382472764,90659387,20675,173935,40531,0.18898566672572809,0.6622063196418652,0.2940523520705767,0.17236891907408747,7,19,0,26,1.0,0.5777777777777777,0.732394366197183,0.5777777777777777,0.7307692307692307,17311967,1482,136522,37389,0.21498927612399446,0.9618738905610866,0.35143010217029635,0.21317270358566193,7,19,0,11,1.0,0.36666666666666664,0.5365853658536585,0.36666666666666664,0.7307692307692307,28688732,5625,37413,3142,0.07747503390457404,0.35838941485114634,0.12740764770285065,0.06803811173668255,7,19,0,15,1.0,0.4411764705882353,0.6122448979591837,0.4411764705882353,0.7307692307692307
MAG1Cdata_selected_50_evenly_spaced,2500,0.06126983246630762,1662.5302,0.1378324002874111,0.3551611965482443,1289.1285,0.4766233899450916,0.03169387101751785,1376.5288,0.08008472382472764,90661569,18493,176077,38389,0.1789980696240896,0.6748883653879962,0.2829503073543936,0.16478865379744934,7,19,0,26,1.0,0.5777777777777777,0.732394366197183,0.5777777777777777,0.7307692307692307,17312136,1313,138395,35516,0.20421939957794505,0.9643487469114014,0.3370598842175192,0.20268912934301236,7,19,0,11,1.0,0.36666666666666664,0.5365853658536585,0.36666666666666664,0.7307692307692307,28689286,5071,37682,2873,0.07084206632967575,0.3616565961732125,0.11847666962205407,0.06296848288256696,7,19,0,15,1.0,0.4411764705882353,0.6122448979591837,0.4411764705882353,0.7307692307692307
MAG1Cdata_selected_50_evenly_spaced,2600,0.06126983246630762,1662.5302,0.1378324002874111,0.3551611965482443,1289.1285,0.4766233899450916,0.03169387101751785,1376.5288,0.08008472382472764,90663250,16812,178135,36331,0.16940214299702516,0.6836460117042696,0.2715230055790351,0.15708800664135802,7,19,0,26,1.0,0.5777777777777777,0.732394366197183,0.5777777777777777,0.7307692307692307,17312294,1155,140138,33773,0.19419703181512382,0.9669319743472286,0.3234357567312619,0.19291581460706247,7,19,0,11,1.0,0.36666666666666664,0.5365853658536585,0.36666666666666664,0.7307692307692307,28689669,4688,37997,2558,0.06307483664159783,0.35302235716257246,0.10702704964331289,0.05653913312556639,7,19,0,15,1.0,0.4411764705882353,0.6122448979591837,0.4411764705882353,0.7307692307692307
MAG1Cdata_selected_50_evenly_spaced,2700,0.06126983246630762,1662.5302,0.1378324002874111,0.3551611965482443,1289.1285,0.4766233899450916,0.03169387101751785,1376.5288,0.08008472382472764,90665002,15060,179735,34731,0.16194175300513836,0.697535699222751,0.26285774832833186,0.15131619075834546,7,19,0,26,1.0,0.5777777777777777,0.732394366197183,0.5777777777777777,0.7307692307692307,17312426,1023,141543,32368,0.18611818688869594,0.9693630020065287,0.3122787044987506,0.18502978266088924,7,19,0,11,1.0,0.36666666666666664,0.5365853658536585,0.36666666666666664,0.7307692307692307,28690039,4318,38192,2363,0.058266551596597216,0.35368956743002544,0.10005080870522483,0.052659728567289905,7,19,0,15,1.0,0.4411764705882353,0.6122448979591837,0.4411764705882353,0.7307692307692307
MAG1Cdata_selected_50_evenly_spaced,2800,0.06126983246630762,1662.5302,0.1378324002874111,0.3551611965482443,1289.1285,0.4766233899450916,0.03169387101751785,1376.5288,0.08008472382472764,90666580,13482,181326,33140,0.15452332770695587,0.7108232165072284,0.2538607672508886,0.1453840349553407,7,19,1,25,0.9615384615384616,0.5681818181818182,0.7142857142857143,0.5555555555555556,0.7307692307692307,17312582,867,142935,30976,0.17811409284059088,0.9727726658920328,0.301097427024505,0.17723054388996326,7,19,1,10,0.9090909090909091,0.3448275862068966,0.5000000000000001,0.3333333333333333,0.7307692307692307,28690426,3931,38391,2164,0.05335963506349402,0.355045118949959,0.0927759914255091,0.0486445173762532,7,19,0,15,1.0,0.4411764705882353,0.6122448979591837,0.4411764705882353,0.7307692307692307
MAG1Cdata_selected_50_evenly_spaced,2900,0.06126983246630762,1662.5302,0.1378324002874111,0.3551611965482443,1289.1285,0.4766233899450916,0.03169387101751785,1376.5288,0.08008472382472764,90667945,12117,182986,31480,0.1467831730903733,0.7220680322040507,0.24397143333217086,0.13893363579791954,8,18,1,25,0.9615384615384616,0.5813953488372093,0.7246376811594203,0.5681818181818182,0.6923076923076923,17312690,759,144446,29465,0.16942574075245384,0.9748875066172578,0.2886815097851912,0.16868952882578578,8,18,1,10,0.9090909090909091,0.35714285714285715,0.5128205128205129,0.3448275862068966,0.6923076923076923,28690818,3539,38540,2015,0.04968561213167304,0.36280158444364424,0.08740159188011017,0.04569782736880301,8,18,0,15,1.0,0.45454545454545453,0.625,0.45454545454545453,0.6923076923076923
