id,action_name,marker,timestamp
Global,prep_init,START,1774366448.489119
Global,prep_init,END,1774366448.881467
EMIT_L1B_RAD_001_20240305T074726_2406505_008,load_scene,START,1774366448.8814826
EMIT_L1B_RAD_001_20240305T074726_2406505_008,load_scene,END,1774366452.1211271
EMIT_L1B_RAD_001_20240305T074726_2406505_008,tile_image,START,1774366452.1214077
EMIT_L1B_RAD_001_20240305T074726_2406505_008,tile_image,END,1774366452.8224404
EMIT_L1B_RAD_001_20240305T074726_2406505_008,mag1c_prep,START,1774366452.82245
EMIT_L1B_RAD_001_20240305T074726_2406505_008,mag1c_prep,END,1774366455.879565
EMIT_L1B_RAD_001_20240305T074726_2406505_008,mag1c_compute,START,1774366455.8795755
EMIT_L1B_RAD_001_20240305T074726_2406505_008,mag1c_compute,END,1774366467.0952024
EMIT_L1B_RAD_001_20240305T074726_2406505_008,mag1c_post,START,1774366467.095215
EMIT_L1B_RAD_001_20240305T074726_2406505_008,mag1c_post,END,1774366467.130075
EMIT_L1B_RAD_001_20240305T074726_2406505_008,normalize,START,1774366467.1300893
EMIT_L1B_RAD_001_20240305T074726_2406505_008,normalize,END,1774366467.3467638
EMIT_L1B_RAD_001_20240305T074726_2406505_008,inference_tiles,START,1774366467.346786
EMIT_L1B_RAD_001_20240305T074726_2406505_008,inference_tiles,END,1774366471.1126037
EMIT_L1B_RAD_001_20240305T074726_2406505_008,post_tiles,START,1774366471.1126187
EMIT_L1B_RAD_001_20240305T074726_2406505_008,post_tiles,END,1774366471.260159
EMIT_L1B_RAD_001_20240305T074726_2406505_008,stitch_tiles,START,1774366471.2601724
EMIT_L1B_RAD_001_20240305T074726_2406505_008,stitch_tiles,END,1774366471.2758539
EMIT_L1B_RAD_001_20240305T074726_2406505_008,create_out_dir,START,1774366471.2758708
EMIT_L1B_RAD_001_20240305T074726_2406505_008,create_out_dir,END,1774366471.276595
EMIT_L1B_RAD_001_20240305T074726_2406505_008,save_inference,START,1774366471.2766004
EMIT_L1B_RAD_001_20240305T074726_2406505_008,save_inference,END,1774366471.3938808
EMIT_L1B_RAD_001_20230215T094705_2304606_020,load_scene,START,1774366471.393927
EMIT_L1B_RAD_001_20230215T094705_2304606_020,load_scene,END,1774366476.6386547
EMIT_L1B_RAD_001_20230215T094705_2304606_020,tile_image,START,1774366476.6389916
EMIT_L1B_RAD_001_20230215T094705_2304606_020,tile_image,END,1774366477.3310366
EMIT_L1B_RAD_001_20230215T094705_2304606_020,mag1c_prep,START,1774366477.3310483
EMIT_L1B_RAD_001_20230215T094705_2304606_020,mag1c_prep,END,1774366480.0076215
EMIT_L1B_RAD_001_20230215T094705_2304606_020,mag1c_compute,START,1774366480.0076303
EMIT_L1B_RAD_001_20230215T094705_2304606_020,mag1c_compute,END,1774366492.6408126
EMIT_L1B_RAD_001_20230215T094705_2304606_020,mag1c_post,START,1774366492.6408293
EMIT_L1B_RAD_001_20230215T094705_2304606_020,mag1c_post,END,1774366492.6705797
EMIT_L1B_RAD_001_20230215T094705_2304606_020,normalize,START,1774366492.6705933
EMIT_L1B_RAD_001_20230215T094705_2304606_020,normalize,END,1774366492.8268301
EMIT_L1B_RAD_001_20230215T094705_2304606_020,inference_tiles,START,1774366492.8268507
EMIT_L1B_RAD_001_20230215T094705_2304606_020,inference_tiles,END,1774366496.5269697
EMIT_L1B_RAD_001_20230215T094705_2304606_020,post_tiles,START,1774366496.5269816
EMIT_L1B_RAD_001_20230215T094705_2304606_020,post_tiles,END,1774366496.6668313
EMIT_L1B_RAD_001_20230215T094705_2304606_020,stitch_tiles,START,1774366496.6668477
EMIT_L1B_RAD_001_20230215T094705_2304606_020,stitch_tiles,END,1774366496.6813004
EMIT_L1B_RAD_001_20230215T094705_2304606_020,create_out_dir,START,1774366496.681316
EMIT_L1B_RAD_001_20230215T094705_2304606_020,create_out_dir,END,1774366496.6820052
EMIT_L1B_RAD_001_20230215T094705_2304606_020,save_inference,START,1774366496.6820102
EMIT_L1B_RAD_001_20230215T094705_2304606_020,save_inference,END,1774366496.7310624
EMIT_L1B_RAD_001_20240214T105745_2404507_024,load_scene,START,1774366496.7310882
EMIT_L1B_RAD_001_20240214T105745_2404507_024,load_scene,END,1774366501.976998
EMIT_L1B_RAD_001_20240214T105745_2404507_024,tile_image,START,1774366501.9773965
EMIT_L1B_RAD_001_20240214T105745_2404507_024,tile_image,END,1774366502.6683202
EMIT_L1B_RAD_001_20240214T105745_2404507_024,mag1c_prep,START,1774366502.6683269
EMIT_L1B_RAD_001_20240214T105745_2404507_024,mag1c_prep,END,1774366505.26714
EMIT_L1B_RAD_001_20240214T105745_2404507_024,mag1c_compute,START,1774366505.2671487
EMIT_L1B_RAD_001_20240214T105745_2404507_024,mag1c_compute,END,1774366517.5542293
EMIT_L1B_RAD_001_20240214T105745_2404507_024,mag1c_post,START,1774366517.5542395
EMIT_L1B_RAD_001_20240214T105745_2404507_024,mag1c_post,END,1774366517.5841851
EMIT_L1B_RAD_001_20240214T105745_2404507_024,normalize,START,1774366517.5841966
EMIT_L1B_RAD_001_20240214T105745_2404507_024,normalize,END,1774366517.7315524
EMIT_L1B_RAD_001_20240214T105745_2404507_024,inference_tiles,START,1774366517.731575
EMIT_L1B_RAD_001_20240214T105745_2404507_024,inference_tiles,END,1774366521.3774061
EMIT_L1B_RAD_001_20240214T105745_2404507_024,post_tiles,START,1774366521.3774166
EMIT_L1B_RAD_001_20240214T105745_2404507_024,post_tiles,END,1774366521.5167372
EMIT_L1B_RAD_001_20240214T105745_2404507_024,stitch_tiles,START,1774366521.5167475
EMIT_L1B_RAD_001_20240214T105745_2404507_024,stitch_tiles,END,1774366521.5308468
EMIT_L1B_RAD_001_20240214T105745_2404507_024,create_out_dir,START,1774366521.5308683
EMIT_L1B_RAD_001_20240214T105745_2404507_024,create_out_dir,END,1774366521.531599
EMIT_L1B_RAD_001_20240214T105745_2404507_024,save_inference,START,1774366521.5316024
EMIT_L1B_RAD_001_20240214T105745_2404507_024,save_inference,END,1774366521.5795152
EMIT_L1B_RAD_001_20240604T214705_2415614_021,load_scene,START,1774366521.5795426
EMIT_L1B_RAD_001_20240604T214705_2415614_021,load_scene,END,1774366526.8072712
EMIT_L1B_RAD_001_20240604T214705_2415614_021,tile_image,START,1774366526.8075914
EMIT_L1B_RAD_001_20240604T214705_2415614_021,tile_image,END,1774366527.5006557
EMIT_L1B_RAD_001_20240604T214705_2415614_021,mag1c_prep,START,1774366527.5006642
EMIT_L1B_RAD_001_20240604T214705_2415614_021,mag1c_prep,END,1774366529.1898906
EMIT_L1B_RAD_001_20240604T214705_2415614_021,mag1c_compute,START,1774366529.1898963
EMIT_L1B_RAD_001_20240604T214705_2415614_021,mag1c_compute,END,1774366535.7636838
EMIT_L1B_RAD_001_20240604T214705_2415614_021,mag1c_post,START,1774366535.7637055
EMIT_L1B_RAD_001_20240604T214705_2415614_021,mag1c_post,END,1774366535.7826626
EMIT_L1B_RAD_001_20240604T214705_2415614_021,normalize,START,1774366535.7826748
EMIT_L1B_RAD_001_20240604T214705_2415614_021,normalize,END,1774366535.927072
EMIT_L1B_RAD_001_20240604T214705_2415614_021,inference_tiles,START,1774366535.9270902
EMIT_L1B_RAD_001_20240604T214705_2415614_021,inference_tiles,END,1774366539.6070821
EMIT_L1B_RAD_001_20240604T214705_2415614_021,post_tiles,START,1774366539.6070921
EMIT_L1B_RAD_001_20240604T214705_2415614_021,post_tiles,END,1774366539.7456315
EMIT_L1B_RAD_001_20240604T214705_2415614_021,stitch_tiles,START,1774366539.7456415
EMIT_L1B_RAD_001_20240604T214705_2415614_021,stitch_tiles,END,1774366539.7603076
EMIT_L1B_RAD_001_20240604T214705_2415614_021,create_out_dir,START,1774366539.7603214
EMIT_L1B_RAD_001_20240604T214705_2415614_021,create_out_dir,END,1774366539.7609954
EMIT_L1B_RAD_001_20240604T214705_2415614_021,save_inference,START,1774366539.760999
EMIT_L1B_RAD_001_20240604T214705_2415614_021,save_inference,END,1774366539.80997
EMIT_L1B_RAD_001_20240120T154941_2402010_018,load_scene,START,1774366539.8099954
EMIT_L1B_RAD_001_20240120T154941_2402010_018,load_scene,END,1774366545.2030199
EMIT_L1B_RAD_001_20240120T154941_2402010_018,tile_image,START,1774366545.2032568
EMIT_L1B_RAD_001_20240120T154941_2402010_018,tile_image,END,1774366545.8937523
EMIT_L1B_RAD_001_20240120T154941_2402010_018,mag1c_prep,START,1774366545.8937602
EMIT_L1B_RAD_001_20240120T154941_2402010_018,mag1c_prep,END,1774366548.4444528
EMIT_L1B_RAD_001_20240120T154941_2402010_018,mag1c_compute,START,1774366548.4444573
EMIT_L1B_RAD_001_20240120T154941_2402010_018,mag1c_compute,END,1774366561.1271412
EMIT_L1B_RAD_001_20240120T154941_2402010_018,mag1c_post,START,1774366561.1271513
EMIT_L1B_RAD_001_20240120T154941_2402010_018,mag1c_post,END,1774366561.1596286
EMIT_L1B_RAD_001_20240120T154941_2402010_018,normalize,START,1774366561.1596434
EMIT_L1B_RAD_001_20240120T154941_2402010_018,normalize,END,1774366561.3146245
EMIT_L1B_RAD_001_20240120T154941_2402010_018,inference_tiles,START,1774366561.3146434
EMIT_L1B_RAD_001_20240120T154941_2402010_018,inference_tiles,END,1774366564.985993
EMIT_L1B_RAD_001_20240120T154941_2402010_018,post_tiles,START,1774366564.986003
EMIT_L1B_RAD_001_20240120T154941_2402010_018,post_tiles,END,1774366565.1267502
EMIT_L1B_RAD_001_20240120T154941_2402010_018,stitch_tiles,START,1774366565.126761
EMIT_L1B_RAD_001_20240120T154941_2402010_018,stitch_tiles,END,1774366565.1411645
EMIT_L1B_RAD_001_20240120T154941_2402010_018,create_out_dir,START,1774366565.1411948
EMIT_L1B_RAD_001_20240120T154941_2402010_018,create_out_dir,END,1774366565.1418653
EMIT_L1B_RAD_001_20240120T154941_2402010_018,save_inference,START,1774366565.1418686
EMIT_L1B_RAD_001_20240120T154941_2402010_018,save_inference,END,1774366565.1902075
EMIT_L1B_RAD_001_20231004T174744_2327712_017,load_scene,START,1774366565.1902287
EMIT_L1B_RAD_001_20231004T174744_2327712_017,load_scene,END,1774366570.425404
EMIT_L1B_RAD_001_20231004T174744_2327712_017,tile_image,START,1774366570.425814
EMIT_L1B_RAD_001_20231004T174744_2327712_017,tile_image,END,1774366571.118627
EMIT_L1B_RAD_001_20231004T174744_2327712_017,mag1c_prep,START,1774366571.1186342
EMIT_L1B_RAD_001_20231004T174744_2327712_017,mag1c_prep,END,1774366573.665313
EMIT_L1B_RAD_001_20231004T174744_2327712_017,mag1c_compute,START,1774366573.6653183
EMIT_L1B_RAD_001_20231004T174744_2327712_017,mag1c_compute,END,1774366586.590822
EMIT_L1B_RAD_001_20231004T174744_2327712_017,mag1c_post,START,1774366586.5908318
EMIT_L1B_RAD_001_20231004T174744_2327712_017,mag1c_post,END,1774366586.6209905
EMIT_L1B_RAD_001_20231004T174744_2327712_017,normalize,START,1774366586.6210027
EMIT_L1B_RAD_001_20231004T174744_2327712_017,normalize,END,1774366586.7689676
EMIT_L1B_RAD_001_20231004T174744_2327712_017,inference_tiles,START,1774366586.7689855
EMIT_L1B_RAD_001_20231004T174744_2327712_017,inference_tiles,END,1774366590.4841235
EMIT_L1B_RAD_001_20231004T174744_2327712_017,post_tiles,START,1774366590.4841335
EMIT_L1B_RAD_001_20231004T174744_2327712_017,post_tiles,END,1774366590.6264796
EMIT_L1B_RAD_001_20231004T174744_2327712_017,stitch_tiles,START,1774366590.6264994
EMIT_L1B_RAD_001_20231004T174744_2327712_017,stitch_tiles,END,1774366590.6408985
EMIT_L1B_RAD_001_20231004T174744_2327712_017,create_out_dir,START,1774366590.640913
EMIT_L1B_RAD_001_20231004T174744_2327712_017,create_out_dir,END,1774366590.6415846
EMIT_L1B_RAD_001_20231004T174744_2327712_017,save_inference,START,1774366590.6415877
EMIT_L1B_RAD_001_20231004T174744_2327712_017,save_inference,END,1774366590.6909444
EMIT_L1B_RAD_001_20240522T145641_2414310_015,load_scene,START,1774366590.690967
EMIT_L1B_RAD_001_20240522T145641_2414310_015,load_scene,END,1774366596.2649014
EMIT_L1B_RAD_001_20240522T145641_2414310_015,tile_image,START,1774366596.2651627
EMIT_L1B_RAD_001_20240522T145641_2414310_015,tile_image,END,1774366596.956012
EMIT_L1B_RAD_001_20240522T145641_2414310_015,mag1c_prep,START,1774366596.95602
EMIT_L1B_RAD_001_20240522T145641_2414310_015,mag1c_prep,END,1774366599.3433967
EMIT_L1B_RAD_001_20240522T145641_2414310_015,mag1c_compute,START,1774366599.3434021
EMIT_L1B_RAD_001_20240522T145641_2414310_015,mag1c_compute,END,1774366611.7672238
EMIT_L1B_RAD_001_20240522T145641_2414310_015,mag1c_post,START,1774366611.7672322
EMIT_L1B_RAD_001_20240522T145641_2414310_015,mag1c_post,END,1774366611.797406
EMIT_L1B_RAD_001_20240522T145641_2414310_015,normalize,START,1774366611.7974186
EMIT_L1B_RAD_001_20240522T145641_2414310_015,normalize,END,1774366611.946104
EMIT_L1B_RAD_001_20240522T145641_2414310_015,inference_tiles,START,1774366611.9461231
EMIT_L1B_RAD_001_20240522T145641_2414310_015,inference_tiles,END,1774366615.6808858
EMIT_L1B_RAD_001_20240522T145641_2414310_015,post_tiles,START,1774366615.6809468
EMIT_L1B_RAD_001_20240522T145641_2414310_015,post_tiles,END,1774366615.8206027
EMIT_L1B_RAD_001_20240522T145641_2414310_015,stitch_tiles,START,1774366615.8206127
EMIT_L1B_RAD_001_20240522T145641_2414310_015,stitch_tiles,END,1774366615.834737
EMIT_L1B_RAD_001_20240522T145641_2414310_015,create_out_dir,START,1774366615.8347485
EMIT_L1B_RAD_001_20240522T145641_2414310_015,create_out_dir,END,1774366615.8353674
EMIT_L1B_RAD_001_20240522T145641_2414310_015,save_inference,START,1774366615.8353708
EMIT_L1B_RAD_001_20240522T145641_2414310_015,save_inference,END,1774366615.8841424
EMIT_L1B_RAD_001_20230428T055536_2311804_004,load_scene,START,1774366615.8841586
EMIT_L1B_RAD_001_20230428T055536_2311804_004,load_scene,END,1774366621.4861372
EMIT_L1B_RAD_001_20230428T055536_2311804_004,tile_image,START,1774366621.486379
EMIT_L1B_RAD_001_20230428T055536_2311804_004,tile_image,END,1774366622.274592
EMIT_L1B_RAD_001_20230428T055536_2311804_004,mag1c_prep,START,1774366622.2745998
EMIT_L1B_RAD_001_20230428T055536_2311804_004,mag1c_prep,END,1774366624.87324
EMIT_L1B_RAD_001_20230428T055536_2311804_004,mag1c_compute,START,1774366624.873246
EMIT_L1B_RAD_001_20230428T055536_2311804_004,mag1c_compute,END,1774366635.8659253
EMIT_L1B_RAD_001_20230428T055536_2311804_004,mag1c_post,START,1774366635.865934
EMIT_L1B_RAD_001_20230428T055536_2311804_004,mag1c_post,END,1774366635.8965812
EMIT_L1B_RAD_001_20230428T055536_2311804_004,normalize,START,1774366635.8965893
EMIT_L1B_RAD_001_20230428T055536_2311804_004,normalize,END,1774366636.0890388
EMIT_L1B_RAD_001_20230428T055536_2311804_004,inference_tiles,START,1774366636.0890555
EMIT_L1B_RAD_001_20230428T055536_2311804_004,inference_tiles,END,1774366639.8593736
EMIT_L1B_RAD_001_20230428T055536_2311804_004,post_tiles,START,1774366639.859383
EMIT_L1B_RAD_001_20230428T055536_2311804_004,post_tiles,END,1774366639.998275
EMIT_L1B_RAD_001_20230428T055536_2311804_004,stitch_tiles,START,1774366639.998289
EMIT_L1B_RAD_001_20230428T055536_2311804_004,stitch_tiles,END,1774366640.013805
EMIT_L1B_RAD_001_20230428T055536_2311804_004,create_out_dir,START,1774366640.0138168
EMIT_L1B_RAD_001_20230428T055536_2311804_004,create_out_dir,END,1774366640.0143836
EMIT_L1B_RAD_001_20230428T055536_2311804_004,save_inference,START,1774366640.0143867
EMIT_L1B_RAD_001_20230428T055536_2311804_004,save_inference,END,1774366640.063575
EMIT_L1B_RAD_001_20240130T051752_2403004_008,load_scene,START,1774366640.063594
EMIT_L1B_RAD_001_20240130T051752_2403004_008,load_scene,END,1774366645.714342
EMIT_L1B_RAD_001_20240130T051752_2403004_008,tile_image,START,1774366645.714719
EMIT_L1B_RAD_001_20240130T051752_2403004_008,tile_image,END,1774366646.4133358
EMIT_L1B_RAD_001_20240130T051752_2403004_008,mag1c_prep,START,1774366646.4133441
EMIT_L1B_RAD_001_20240130T051752_2403004_008,mag1c_prep,END,1774366648.9617574
EMIT_L1B_RAD_001_20240130T051752_2403004_008,mag1c_compute,START,1774366648.9617617
EMIT_L1B_RAD_001_20240130T051752_2403004_008,mag1c_compute,END,1774366659.8715875
EMIT_L1B_RAD_001_20240130T051752_2403004_008,mag1c_post,START,1774366659.8715963
EMIT_L1B_RAD_001_20240130T051752_2403004_008,mag1c_post,END,1774366659.9021676
EMIT_L1B_RAD_001_20240130T051752_2403004_008,normalize,START,1774366659.90218
EMIT_L1B_RAD_001_20240130T051752_2403004_008,normalize,END,1774366660.0622244
EMIT_L1B_RAD_001_20240130T051752_2403004_008,inference_tiles,START,1774366660.0622442
EMIT_L1B_RAD_001_20240130T051752_2403004_008,inference_tiles,END,1774366663.7498655
EMIT_L1B_RAD_001_20240130T051752_2403004_008,post_tiles,START,1774366663.7498758
EMIT_L1B_RAD_001_20240130T051752_2403004_008,post_tiles,END,1774366663.888393
EMIT_L1B_RAD_001_20240130T051752_2403004_008,stitch_tiles,START,1774366663.8884044
EMIT_L1B_RAD_001_20240130T051752_2403004_008,stitch_tiles,END,1774366663.9019332
EMIT_L1B_RAD_001_20240130T051752_2403004_008,create_out_dir,START,1774366663.9019477
EMIT_L1B_RAD_001_20240130T051752_2403004_008,create_out_dir,END,1774366663.9026217
EMIT_L1B_RAD_001_20240130T051752_2403004_008,save_inference,START,1774366663.902625
EMIT_L1B_RAD_001_20240130T051752_2403004_008,save_inference,END,1774366663.9513927
EMIT_L1B_RAD_001_20240122T032753_2402202_016,load_scene,START,1774366663.9515543
EMIT_L1B_RAD_001_20240122T032753_2402202_016,load_scene,END,1774366669.459204
EMIT_L1B_RAD_001_20240122T032753_2402202_016,tile_image,START,1774366669.459614
EMIT_L1B_RAD_001_20240122T032753_2402202_016,tile_image,END,1774366670.2544053
EMIT_L1B_RAD_001_20240122T032753_2402202_016,mag1c_prep,START,1774366670.2544131
EMIT_L1B_RAD_001_20240122T032753_2402202_016,mag1c_prep,END,1774366672.6984422
EMIT_L1B_RAD_001_20240122T032753_2402202_016,mag1c_compute,START,1774366672.6984484
EMIT_L1B_RAD_001_20240122T032753_2402202_016,mag1c_compute,END,1774366685.5214574
EMIT_L1B_RAD_001_20240122T032753_2402202_016,mag1c_post,START,1774366685.521468
EMIT_L1B_RAD_001_20240122T032753_2402202_016,mag1c_post,END,1774366685.5518916
EMIT_L1B_RAD_001_20240122T032753_2402202_016,normalize,START,1774366685.5519025
EMIT_L1B_RAD_001_20240122T032753_2402202_016,normalize,END,1774366685.7378247
EMIT_L1B_RAD_001_20240122T032753_2402202_016,inference_tiles,START,1774366685.7378368
EMIT_L1B_RAD_001_20240122T032753_2402202_016,inference_tiles,END,1774366689.4496315
EMIT_L1B_RAD_001_20240122T032753_2402202_016,post_tiles,START,1774366689.449642
EMIT_L1B_RAD_001_20240122T032753_2402202_016,post_tiles,END,1774366689.5883868
EMIT_L1B_RAD_001_20240122T032753_2402202_016,stitch_tiles,START,1774366689.5883977
EMIT_L1B_RAD_001_20240122T032753_2402202_016,stitch_tiles,END,1774366689.6032507
EMIT_L1B_RAD_001_20240122T032753_2402202_016,create_out_dir,START,1774366689.603264
EMIT_L1B_RAD_001_20240122T032753_2402202_016,create_out_dir,END,1774366689.604002
EMIT_L1B_RAD_001_20240122T032753_2402202_016,save_inference,START,1774366689.6040056
EMIT_L1B_RAD_001_20240122T032753_2402202_016,save_inference,END,1774366689.6533945
EMIT_L1B_RAD_001_20240413T202031_2410413_043,load_scene,START,1774366689.6534197
EMIT_L1B_RAD_001_20240413T202031_2410413_043,load_scene,END,1774366695.3051348
EMIT_L1B_RAD_001_20240413T202031_2410413_043,tile_image,START,1774366695.305362
EMIT_L1B_RAD_001_20240413T202031_2410413_043,tile_image,END,1774366696.0426533
EMIT_L1B_RAD_001_20240413T202031_2410413_043,mag1c_prep,START,1774366696.0426617
EMIT_L1B_RAD_001_20240413T202031_2410413_043,mag1c_prep,END,1774366698.650549
EMIT_L1B_RAD_001_20240413T202031_2410413_043,mag1c_compute,START,1774366698.6505547
EMIT_L1B_RAD_001_20240413T202031_2410413_043,mag1c_compute,END,1774366709.0344875
EMIT_L1B_RAD_001_20240413T202031_2410413_043,mag1c_post,START,1774366709.0344982
EMIT_L1B_RAD_001_20240413T202031_2410413_043,mag1c_post,END,1774366709.0651147
EMIT_L1B_RAD_001_20240413T202031_2410413_043,normalize,START,1774366709.065143
EMIT_L1B_RAD_001_20240413T202031_2410413_043,normalize,END,1774366709.2399275
EMIT_L1B_RAD_001_20240413T202031_2410413_043,inference_tiles,START,1774366709.2399416
EMIT_L1B_RAD_001_20240413T202031_2410413_043,inference_tiles,END,1774366712.9626167
EMIT_L1B_RAD_001_20240413T202031_2410413_043,post_tiles,START,1774366712.9626262
EMIT_L1B_RAD_001_20240413T202031_2410413_043,post_tiles,END,1774366713.1024659
EMIT_L1B_RAD_001_20240413T202031_2410413_043,stitch_tiles,START,1774366713.1024764
EMIT_L1B_RAD_001_20240413T202031_2410413_043,stitch_tiles,END,1774366713.1163943
EMIT_L1B_RAD_001_20240413T202031_2410413_043,create_out_dir,START,1774366713.1164093
EMIT_L1B_RAD_001_20240413T202031_2410413_043,create_out_dir,END,1774366713.117079
EMIT_L1B_RAD_001_20240413T202031_2410413_043,save_inference,START,1774366713.1170826
EMIT_L1B_RAD_001_20240413T202031_2410413_043,save_inference,END,1774366713.1658194
EMIT_L1B_RAD_001_20240615T161951_2416711_018,load_scene,START,1774366713.165841
EMIT_L1B_RAD_001_20240615T161951_2416711_018,load_scene,END,1774366718.916793
EMIT_L1B_RAD_001_20240615T161951_2416711_018,tile_image,START,1774366718.9169893
EMIT_L1B_RAD_001_20240615T161951_2416711_018,tile_image,END,1774366720.043881
EMIT_L1B_RAD_001_20240615T161951_2416711_018,mag1c_prep,START,1774366720.0438924
EMIT_L1B_RAD_001_20240615T161951_2416711_018,mag1c_prep,END,1774366722.498243
EMIT_L1B_RAD_001_20240615T161951_2416711_018,mag1c_compute,START,1774366722.4982483
EMIT_L1B_RAD_001_20240615T161951_2416711_018,mag1c_compute,END,1774366733.4812748
EMIT_L1B_RAD_001_20240615T161951_2416711_018,mag1c_post,START,1774366733.4812827
EMIT_L1B_RAD_001_20240615T161951_2416711_018,mag1c_post,END,1774366733.511273
EMIT_L1B_RAD_001_20240615T161951_2416711_018,normalize,START,1774366733.511286
EMIT_L1B_RAD_001_20240615T161951_2416711_018,normalize,END,1774366733.6621726
EMIT_L1B_RAD_001_20240615T161951_2416711_018,inference_tiles,START,1774366733.6621919
EMIT_L1B_RAD_001_20240615T161951_2416711_018,inference_tiles,END,1774366737.4041421
EMIT_L1B_RAD_001_20240615T161951_2416711_018,post_tiles,START,1774366737.4041498
EMIT_L1B_RAD_001_20240615T161951_2416711_018,post_tiles,END,1774366737.542421
EMIT_L1B_RAD_001_20240615T161951_2416711_018,stitch_tiles,START,1774366737.5424318
EMIT_L1B_RAD_001_20240615T161951_2416711_018,stitch_tiles,END,1774366737.5563035
EMIT_L1B_RAD_001_20240615T161951_2416711_018,create_out_dir,START,1774366737.5563192
EMIT_L1B_RAD_001_20240615T161951_2416711_018,create_out_dir,END,1774366737.5570407
EMIT_L1B_RAD_001_20240615T161951_2416711_018,save_inference,START,1774366737.5570445
EMIT_L1B_RAD_001_20240615T161951_2416711_018,save_inference,END,1774366737.6059997
EMIT_L1B_RAD_001_20230814T100819_2322607_019,load_scene,START,1774366737.606021
EMIT_L1B_RAD_001_20230814T100819_2322607_019,load_scene,END,1774366743.4095104
EMIT_L1B_RAD_001_20230814T100819_2322607_019,tile_image,START,1774366743.4097047
EMIT_L1B_RAD_001_20230814T100819_2322607_019,tile_image,END,1774366744.1839964
EMIT_L1B_RAD_001_20230814T100819_2322607_019,mag1c_prep,START,1774366744.1840038
EMIT_L1B_RAD_001_20230814T100819_2322607_019,mag1c_prep,END,1774366746.7723665
EMIT_L1B_RAD_001_20230814T100819_2322607_019,mag1c_compute,START,1774366746.7723706
EMIT_L1B_RAD_001_20230814T100819_2322607_019,mag1c_compute,END,1774366758.990414
EMIT_L1B_RAD_001_20230814T100819_2322607_019,mag1c_post,START,1774366758.9904246
EMIT_L1B_RAD_001_20230814T100819_2322607_019,mag1c_post,END,1774366759.0208945
EMIT_L1B_RAD_001_20230814T100819_2322607_019,normalize,START,1774366759.020905
EMIT_L1B_RAD_001_20230814T100819_2322607_019,normalize,END,1774366759.1943483
EMIT_L1B_RAD_001_20230814T100819_2322607_019,inference_tiles,START,1774366759.1943629
EMIT_L1B_RAD_001_20230814T100819_2322607_019,inference_tiles,END,1774366762.8430853
EMIT_L1B_RAD_001_20230814T100819_2322607_019,post_tiles,START,1774366762.8430953
EMIT_L1B_RAD_001_20230814T100819_2322607_019,post_tiles,END,1774366762.9820666
EMIT_L1B_RAD_001_20230814T100819_2322607_019,stitch_tiles,START,1774366762.9820774
EMIT_L1B_RAD_001_20230814T100819_2322607_019,stitch_tiles,END,1774366762.9962265
EMIT_L1B_RAD_001_20230814T100819_2322607_019,create_out_dir,START,1774366762.9962401
EMIT_L1B_RAD_001_20230814T100819_2322607_019,create_out_dir,END,1774366762.9968998
EMIT_L1B_RAD_001_20230814T100819_2322607_019,save_inference,START,1774366762.9969032
EMIT_L1B_RAD_001_20230814T100819_2322607_019,save_inference,END,1774366763.0449884
EMIT_L1B_RAD_001_20230502T042310_2312203_009,load_scene,START,1774366763.0450065
EMIT_L1B_RAD_001_20230502T042310_2312203_009,load_scene,END,1774366768.706698
EMIT_L1B_RAD_001_20230502T042310_2312203_009,tile_image,START,1774366768.7069585
EMIT_L1B_RAD_001_20230502T042310_2312203_009,tile_image,END,1774366769.4824948
EMIT_L1B_RAD_001_20230502T042310_2312203_009,mag1c_prep,START,1774366769.4825025
EMIT_L1B_RAD_001_20230502T042310_2312203_009,mag1c_prep,END,1774366772.1090777
EMIT_L1B_RAD_001_20230502T042310_2312203_009,mag1c_compute,START,1774366772.1090832
EMIT_L1B_RAD_001_20230502T042310_2312203_009,mag1c_compute,END,1774366783.028317
EMIT_L1B_RAD_001_20230502T042310_2312203_009,mag1c_post,START,1774366783.0283265
EMIT_L1B_RAD_001_20230502T042310_2312203_009,mag1c_post,END,1774366783.0593162
EMIT_L1B_RAD_001_20230502T042310_2312203_009,normalize,START,1774366783.0593295
EMIT_L1B_RAD_001_20230502T042310_2312203_009,normalize,END,1774366783.224743
EMIT_L1B_RAD_001_20230502T042310_2312203_009,inference_tiles,START,1774366783.2247598
EMIT_L1B_RAD_001_20230502T042310_2312203_009,inference_tiles,END,1774366786.960433
EMIT_L1B_RAD_001_20230502T042310_2312203_009,post_tiles,START,1774366786.9604425
EMIT_L1B_RAD_001_20230502T042310_2312203_009,post_tiles,END,1774366787.10139
EMIT_L1B_RAD_001_20230502T042310_2312203_009,stitch_tiles,START,1774366787.1014009
EMIT_L1B_RAD_001_20230502T042310_2312203_009,stitch_tiles,END,1774366787.1157632
EMIT_L1B_RAD_001_20230502T042310_2312203_009,create_out_dir,START,1774366787.1157773
EMIT_L1B_RAD_001_20230502T042310_2312203_009,create_out_dir,END,1774366787.1164525
EMIT_L1B_RAD_001_20230502T042310_2312203_009,save_inference,START,1774366787.1164742
EMIT_L1B_RAD_001_20230502T042310_2312203_009,save_inference,END,1774366787.1675022
EMIT_L1B_RAD_001_20240718T034756_2420003_002,load_scene,START,1774366787.1675239
EMIT_L1B_RAD_001_20240718T034756_2420003_002,load_scene,END,1774366797.5805366
EMIT_L1B_RAD_001_20240718T034756_2420003_002,tile_image,START,1774366797.5807767
EMIT_L1B_RAD_001_20240718T034756_2420003_002,tile_image,END,1774366799.1078203
EMIT_L1B_RAD_001_20240718T034756_2420003_002,mag1c_prep,START,1774366799.1078272
EMIT_L1B_RAD_001_20240718T034756_2420003_002,mag1c_prep,END,1774366803.6021585
EMIT_L1B_RAD_001_20240718T034756_2420003_002,mag1c_compute,START,1774366803.6021638
EMIT_L1B_RAD_001_20240718T034756_2420003_002,mag1c_compute,END,1774366823.1880674
EMIT_L1B_RAD_001_20240718T034756_2420003_002,mag1c_post,START,1774366823.1880748
EMIT_L1B_RAD_001_20240718T034756_2420003_002,mag1c_post,END,1774366823.2395256
EMIT_L1B_RAD_001_20240718T034756_2420003_002,normalize,START,1774366823.2395346
EMIT_L1B_RAD_001_20240718T034756_2420003_002,normalize,END,1774366823.6505136
EMIT_L1B_RAD_001_20240718T034756_2420003_002,inference_tiles,START,1774366823.6505275
EMIT_L1B_RAD_001_20240718T034756_2420003_002,inference_tiles,END,1774366829.882353
EMIT_L1B_RAD_001_20240718T034756_2420003_002,post_tiles,START,1774366829.8823626
EMIT_L1B_RAD_001_20240718T034756_2420003_002,post_tiles,END,1774366830.1131792
EMIT_L1B_RAD_001_20240718T034756_2420003_002,stitch_tiles,START,1774366830.1131911
EMIT_L1B_RAD_001_20240718T034756_2420003_002,stitch_tiles,END,1774366830.1375844
EMIT_L1B_RAD_001_20240718T034756_2420003_002,create_out_dir,START,1774366830.1375985
EMIT_L1B_RAD_001_20240718T034756_2420003_002,create_out_dir,END,1774366830.1382678
EMIT_L1B_RAD_001_20240718T034756_2420003_002,save_inference,START,1774366830.1382713
EMIT_L1B_RAD_001_20240718T034756_2420003_002,save_inference,END,1774366830.210793
EMIT_L1B_RAD_001_20240329T142846_2408909_012,load_scene,START,1774366830.2108188
EMIT_L1B_RAD_001_20240329T142846_2408909_012,load_scene,END,1774366836.1481497
EMIT_L1B_RAD_001_20240329T142846_2408909_012,tile_image,START,1774366836.1483939
EMIT_L1B_RAD_001_20240329T142846_2408909_012,tile_image,END,1774366836.9973693
EMIT_L1B_RAD_001_20240329T142846_2408909_012,mag1c_prep,START,1774366836.997377
EMIT_L1B_RAD_001_20240329T142846_2408909_012,mag1c_prep,END,1774366839.4732573
EMIT_L1B_RAD_001_20240329T142846_2408909_012,mag1c_compute,START,1774366839.4732633
EMIT_L1B_RAD_001_20240329T142846_2408909_012,mag1c_compute,END,1774366848.9603918
EMIT_L1B_RAD_001_20240329T142846_2408909_012,mag1c_post,START,1774366848.9604027
EMIT_L1B_RAD_001_20240329T142846_2408909_012,mag1c_post,END,1774366848.9889457
EMIT_L1B_RAD_001_20240329T142846_2408909_012,normalize,START,1774366848.9889574
EMIT_L1B_RAD_001_20240329T142846_2408909_012,normalize,END,1774366849.195863
EMIT_L1B_RAD_001_20240329T142846_2408909_012,inference_tiles,START,1774366849.1958766
EMIT_L1B_RAD_001_20240329T142846_2408909_012,inference_tiles,END,1774366852.8267846
EMIT_L1B_RAD_001_20240329T142846_2408909_012,post_tiles,START,1774366852.826794
EMIT_L1B_RAD_001_20240329T142846_2408909_012,post_tiles,END,1774366852.9657276
EMIT_L1B_RAD_001_20240329T142846_2408909_012,stitch_tiles,START,1774366852.965738
EMIT_L1B_RAD_001_20240329T142846_2408909_012,stitch_tiles,END,1774366852.979857
EMIT_L1B_RAD_001_20240329T142846_2408909_012,create_out_dir,START,1774366852.9798713
EMIT_L1B_RAD_001_20240329T142846_2408909_012,create_out_dir,END,1774366852.980565
EMIT_L1B_RAD_001_20240329T142846_2408909_012,save_inference,START,1774366852.9805741
EMIT_L1B_RAD_001_20240329T142846_2408909_012,save_inference,END,1774366853.0292854
EMIT_L1B_RAD_001_20230203T171446_2303412_007,load_scene,START,1774366853.0293107
EMIT_L1B_RAD_001_20230203T171446_2303412_007,load_scene,END,1774366862.941091
EMIT_L1B_RAD_001_20230203T171446_2303412_007,tile_image,START,1774366862.9413295
EMIT_L1B_RAD_001_20230203T171446_2303412_007,tile_image,END,1774366864.603796
EMIT_L1B_RAD_001_20230203T171446_2303412_007,mag1c_prep,START,1774366864.6038036
EMIT_L1B_RAD_001_20230203T171446_2303412_007,mag1c_prep,END,1774366868.9317076
EMIT_L1B_RAD_001_20230203T171446_2303412_007,mag1c_compute,START,1774366868.9317133
EMIT_L1B_RAD_001_20230203T171446_2303412_007,mag1c_compute,END,1774366887.831924
EMIT_L1B_RAD_001_20230203T171446_2303412_007,mag1c_post,START,1774366887.831933
EMIT_L1B_RAD_001_20230203T171446_2303412_007,mag1c_post,END,1774366887.8828275
EMIT_L1B_RAD_001_20230203T171446_2303412_007,normalize,START,1774366887.8828409
EMIT_L1B_RAD_001_20230203T171446_2303412_007,normalize,END,1774366888.2573628
EMIT_L1B_RAD_001_20230203T171446_2303412_007,inference_tiles,START,1774366888.2573812
EMIT_L1B_RAD_001_20230203T171446_2303412_007,inference_tiles,END,1774366894.4447331
EMIT_L1B_RAD_001_20230203T171446_2303412_007,post_tiles,START,1774366894.4447434
EMIT_L1B_RAD_001_20230203T171446_2303412_007,post_tiles,END,1774366894.6817665
EMIT_L1B_RAD_001_20230203T171446_2303412_007,stitch_tiles,START,1774366894.6817758
EMIT_L1B_RAD_001_20230203T171446_2303412_007,stitch_tiles,END,1774366894.7072625
EMIT_L1B_RAD_001_20230203T171446_2303412_007,create_out_dir,START,1774366894.7072773
EMIT_L1B_RAD_001_20230203T171446_2303412_007,create_out_dir,END,1774366894.7080233
EMIT_L1B_RAD_001_20230203T171446_2303412_007,save_inference,START,1774366894.708027
EMIT_L1B_RAD_001_20230203T171446_2303412_007,save_inference,END,1774366894.7823792
EMIT_L1B_RAD_001_20240223T065341_2405405_011,load_scene,START,1774366894.7824051
EMIT_L1B_RAD_001_20240223T065341_2405405_011,load_scene,END,1774366900.5257072
EMIT_L1B_RAD_001_20240223T065341_2405405_011,tile_image,START,1774366900.5260007
EMIT_L1B_RAD_001_20240223T065341_2405405_011,tile_image,END,1774366901.3146763
EMIT_L1B_RAD_001_20240223T065341_2405405_011,mag1c_prep,START,1774366901.3146849
EMIT_L1B_RAD_001_20240223T065341_2405405_011,mag1c_prep,END,1774366903.691952
EMIT_L1B_RAD_001_20240223T065341_2405405_011,mag1c_compute,START,1774366903.691958
EMIT_L1B_RAD_001_20240223T065341_2405405_011,mag1c_compute,END,1774366915.3206909
EMIT_L1B_RAD_001_20240223T065341_2405405_011,mag1c_post,START,1774366915.3206997
EMIT_L1B_RAD_001_20240223T065341_2405405_011,mag1c_post,END,1774366915.350444
EMIT_L1B_RAD_001_20240223T065341_2405405_011,normalize,START,1774366915.3504553
EMIT_L1B_RAD_001_20240223T065341_2405405_011,normalize,END,1774366915.503792
EMIT_L1B_RAD_001_20240223T065341_2405405_011,inference_tiles,START,1774366915.503812
EMIT_L1B_RAD_001_20240223T065341_2405405_011,inference_tiles,END,1774366919.172968
EMIT_L1B_RAD_001_20240223T065341_2405405_011,post_tiles,START,1774366919.1729777
EMIT_L1B_RAD_001_20240223T065341_2405405_011,post_tiles,END,1774366919.3116055
EMIT_L1B_RAD_001_20240223T065341_2405405_011,stitch_tiles,START,1774366919.3116167
EMIT_L1B_RAD_001_20240223T065341_2405405_011,stitch_tiles,END,1774366919.3259542
EMIT_L1B_RAD_001_20240223T065341_2405405_011,create_out_dir,START,1774366919.3259673
EMIT_L1B_RAD_001_20240223T065341_2405405_011,create_out_dir,END,1774366919.3266425
EMIT_L1B_RAD_001_20240223T065341_2405405_011,save_inference,START,1774366919.326646
EMIT_L1B_RAD_001_20240223T065341_2405405_011,save_inference,END,1774366919.3753493
EMIT_L1B_RAD_001_20230610T053019_2316104_006,load_scene,START,1774366919.3753734
EMIT_L1B_RAD_001_20230610T053019_2316104_006,load_scene,END,1774366930.5331686
EMIT_L1B_RAD_001_20230610T053019_2316104_006,tile_image,START,1774366930.5334594
EMIT_L1B_RAD_001_20230610T053019_2316104_006,tile_image,END,1774366932.1407456
EMIT_L1B_RAD_001_20230610T053019_2316104_006,mag1c_prep,START,1774366932.1407537
EMIT_L1B_RAD_001_20230610T053019_2316104_006,mag1c_prep,END,1774366936.694136
EMIT_L1B_RAD_001_20230610T053019_2316104_006,mag1c_compute,START,1774366936.6941411
EMIT_L1B_RAD_001_20230610T053019_2316104_006,mag1c_compute,END,1774366956.2185237
EMIT_L1B_RAD_001_20230610T053019_2316104_006,mag1c_post,START,1774366956.2185352
EMIT_L1B_RAD_001_20230610T053019_2316104_006,mag1c_post,END,1774366956.274473
EMIT_L1B_RAD_001_20230610T053019_2316104_006,normalize,START,1774366956.2744858
EMIT_L1B_RAD_001_20230610T053019_2316104_006,normalize,END,1774366956.6672497
EMIT_L1B_RAD_001_20230610T053019_2316104_006,inference_tiles,START,1774366956.6672664
EMIT_L1B_RAD_001_20230610T053019_2316104_006,inference_tiles,END,1774366962.8242884
EMIT_L1B_RAD_001_20230610T053019_2316104_006,post_tiles,START,1774366962.824299
EMIT_L1B_RAD_001_20230610T053019_2316104_006,post_tiles,END,1774366963.055531
EMIT_L1B_RAD_001_20230610T053019_2316104_006,stitch_tiles,START,1774366963.055543
EMIT_L1B_RAD_001_20230610T053019_2316104_006,stitch_tiles,END,1774366963.083097
EMIT_L1B_RAD_001_20230610T053019_2316104_006,create_out_dir,START,1774366963.0831115
EMIT_L1B_RAD_001_20230610T053019_2316104_006,create_out_dir,END,1774366963.083838
EMIT_L1B_RAD_001_20230610T053019_2316104_006,save_inference,START,1774366963.083841
EMIT_L1B_RAD_001_20230610T053019_2316104_006,save_inference,END,1774366963.1641328
EMIT_L1B_RAD_001_20240722T112508_2420408_011,load_scene,START,1774366963.164159
EMIT_L1B_RAD_001_20240722T112508_2420408_011,load_scene,END,1774366968.8093781
EMIT_L1B_RAD_001_20240722T112508_2420408_011,tile_image,START,1774366968.8096237
EMIT_L1B_RAD_001_20240722T112508_2420408_011,tile_image,END,1774366969.711332
EMIT_L1B_RAD_001_20240722T112508_2420408_011,mag1c_prep,START,1774366969.7113392
EMIT_L1B_RAD_001_20240722T112508_2420408_011,mag1c_prep,END,1774366972.3991714
EMIT_L1B_RAD_001_20240722T112508_2420408_011,mag1c_compute,START,1774366972.399177
EMIT_L1B_RAD_001_20240722T112508_2420408_011,mag1c_compute,END,1774366982.4870322
EMIT_L1B_RAD_001_20240722T112508_2420408_011,mag1c_post,START,1774366982.4870434
EMIT_L1B_RAD_001_20240722T112508_2420408_011,mag1c_post,END,1774366982.5170813
EMIT_L1B_RAD_001_20240722T112508_2420408_011,normalize,START,1774366982.5170937
EMIT_L1B_RAD_001_20240722T112508_2420408_011,normalize,END,1774366982.7050333
EMIT_L1B_RAD_001_20240722T112508_2420408_011,inference_tiles,START,1774366982.7050436
EMIT_L1B_RAD_001_20240722T112508_2420408_011,inference_tiles,END,1774366986.3960102
EMIT_L1B_RAD_001_20240722T112508_2420408_011,post_tiles,START,1774366986.3960207
EMIT_L1B_RAD_001_20240722T112508_2420408_011,post_tiles,END,1774366986.5355294
EMIT_L1B_RAD_001_20240722T112508_2420408_011,stitch_tiles,START,1774366986.5355399
EMIT_L1B_RAD_001_20240722T112508_2420408_011,stitch_tiles,END,1774366986.5489194
EMIT_L1B_RAD_001_20240722T112508_2420408_011,create_out_dir,START,1774366986.548934
EMIT_L1B_RAD_001_20240722T112508_2420408_011,create_out_dir,END,1774366986.5496051
EMIT_L1B_RAD_001_20240722T112508_2420408_011,save_inference,START,1774366986.5496082
EMIT_L1B_RAD_001_20240722T112508_2420408_011,save_inference,END,1774366986.5990381
EMIT_L1B_RAD_001_20231009T091423_2328206_033,load_scene,START,1774366986.5990639
EMIT_L1B_RAD_001_20231009T091423_2328206_033,load_scene,END,1774366995.2513614
EMIT_L1B_RAD_001_20231009T091423_2328206_033,tile_image,START,1774366995.2516394
EMIT_L1B_RAD_001_20231009T091423_2328206_033,tile_image,END,1774366996.5248623
EMIT_L1B_RAD_001_20231009T091423_2328206_033,mag1c_prep,START,1774366996.524871
EMIT_L1B_RAD_001_20231009T091423_2328206_033,mag1c_prep,END,1774367000.197599
EMIT_L1B_RAD_001_20231009T091423_2328206_033,mag1c_compute,START,1774367000.1976044
EMIT_L1B_RAD_001_20231009T091423_2328206_033,mag1c_compute,END,1774367013.3211856
EMIT_L1B_RAD_001_20231009T091423_2328206_033,mag1c_post,START,1774367013.3211977
EMIT_L1B_RAD_001_20231009T091423_2328206_033,mag1c_post,END,1774367013.3654172
EMIT_L1B_RAD_001_20231009T091423_2328206_033,normalize,START,1774367013.3654275
EMIT_L1B_RAD_001_20231009T091423_2328206_033,normalize,END,1774367013.633523
EMIT_L1B_RAD_001_20231009T091423_2328206_033,inference_tiles,START,1774367013.6335359
EMIT_L1B_RAD_001_20231009T091423_2328206_033,inference_tiles,END,1774367018.536245
EMIT_L1B_RAD_001_20231009T091423_2328206_033,post_tiles,START,1774367018.53631
EMIT_L1B_RAD_001_20231009T091423_2328206_033,post_tiles,END,1774367018.7216418
EMIT_L1B_RAD_001_20231009T091423_2328206_033,stitch_tiles,START,1774367018.7216537
EMIT_L1B_RAD_001_20231009T091423_2328206_033,stitch_tiles,END,1774367018.7431304
EMIT_L1B_RAD_001_20231009T091423_2328206_033,create_out_dir,START,1774367018.7431426
EMIT_L1B_RAD_001_20231009T091423_2328206_033,create_out_dir,END,1774367018.7437541
EMIT_L1B_RAD_001_20231009T091423_2328206_033,save_inference,START,1774367018.743758
EMIT_L1B_RAD_001_20231009T091423_2328206_033,save_inference,END,1774367018.809897
EMIT_L1B_RAD_001_20231008T051536_2328104_008,load_scene,START,1774367018.809923
EMIT_L1B_RAD_001_20231008T051536_2328104_008,load_scene,END,1774367024.5100715
EMIT_L1B_RAD_001_20231008T051536_2328104_008,tile_image,START,1774367024.510318
EMIT_L1B_RAD_001_20231008T051536_2328104_008,tile_image,END,1774367025.3224654
EMIT_L1B_RAD_001_20231008T051536_2328104_008,mag1c_prep,START,1774367025.3224733
EMIT_L1B_RAD_001_20231008T051536_2328104_008,mag1c_prep,END,1774367027.9069517
EMIT_L1B_RAD_001_20231008T051536_2328104_008,mag1c_compute,START,1774367027.9069571
EMIT_L1B_RAD_001_20231008T051536_2328104_008,mag1c_compute,END,1774367040.7813396
EMIT_L1B_RAD_001_20231008T051536_2328104_008,mag1c_post,START,1774367040.78135
EMIT_L1B_RAD_001_20231008T051536_2328104_008,mag1c_post,END,1774367040.8121417
EMIT_L1B_RAD_001_20231008T051536_2328104_008,normalize,START,1774367040.8121538
EMIT_L1B_RAD_001_20231008T051536_2328104_008,normalize,END,1774367040.967948
EMIT_L1B_RAD_001_20231008T051536_2328104_008,inference_tiles,START,1774367040.9679654
EMIT_L1B_RAD_001_20231008T051536_2328104_008,inference_tiles,END,1774367044.6762066
EMIT_L1B_RAD_001_20231008T051536_2328104_008,post_tiles,START,1774367044.6762168
EMIT_L1B_RAD_001_20231008T051536_2328104_008,post_tiles,END,1774367044.8168092
EMIT_L1B_RAD_001_20231008T051536_2328104_008,stitch_tiles,START,1774367044.8168178
EMIT_L1B_RAD_001_20231008T051536_2328104_008,stitch_tiles,END,1774367044.8309734
EMIT_L1B_RAD_001_20231008T051536_2328104_008,create_out_dir,START,1774367044.8309872
EMIT_L1B_RAD_001_20231008T051536_2328104_008,create_out_dir,END,1774367044.8317282
EMIT_L1B_RAD_001_20231008T051536_2328104_008,save_inference,START,1774367044.8317318
EMIT_L1B_RAD_001_20231008T051536_2328104_008,save_inference,END,1774367044.8791156
EMIT_L1B_RAD_001_20230824T070101_2323605_011,load_scene,START,1774367044.87914
EMIT_L1B_RAD_001_20230824T070101_2323605_011,load_scene,END,1774367050.3458142
EMIT_L1B_RAD_001_20230824T070101_2323605_011,tile_image,START,1774367050.346006
EMIT_L1B_RAD_001_20230824T070101_2323605_011,tile_image,END,1774367051.0732975
EMIT_L1B_RAD_001_20230824T070101_2323605_011,mag1c_prep,START,1774367051.0733058
EMIT_L1B_RAD_001_20230824T070101_2323605_011,mag1c_prep,END,1774367053.7313845
EMIT_L1B_RAD_001_20230824T070101_2323605_011,mag1c_compute,START,1774367053.7313907
EMIT_L1B_RAD_001_20230824T070101_2323605_011,mag1c_compute,END,1774367064.4777565
EMIT_L1B_RAD_001_20230824T070101_2323605_011,mag1c_post,START,1774367064.4777665
EMIT_L1B_RAD_001_20230824T070101_2323605_011,mag1c_post,END,1774367064.5076985
EMIT_L1B_RAD_001_20230824T070101_2323605_011,normalize,START,1774367064.5077112
EMIT_L1B_RAD_001_20230824T070101_2323605_011,normalize,END,1774367064.6841586
EMIT_L1B_RAD_001_20230824T070101_2323605_011,inference_tiles,START,1774367064.6841767
EMIT_L1B_RAD_001_20230824T070101_2323605_011,inference_tiles,END,1774367068.4078808
EMIT_L1B_RAD_001_20230824T070101_2323605_011,post_tiles,START,1774367068.4078903
EMIT_L1B_RAD_001_20230824T070101_2323605_011,post_tiles,END,1774367068.5466235
EMIT_L1B_RAD_001_20230824T070101_2323605_011,stitch_tiles,START,1774367068.5466342
EMIT_L1B_RAD_001_20230824T070101_2323605_011,stitch_tiles,END,1774367068.561527
EMIT_L1B_RAD_001_20230824T070101_2323605_011,create_out_dir,START,1774367068.56154
EMIT_L1B_RAD_001_20230824T070101_2323605_011,create_out_dir,END,1774367068.5621037
EMIT_L1B_RAD_001_20230824T070101_2323605_011,save_inference,START,1774367068.562107
EMIT_L1B_RAD_001_20230824T070101_2323605_011,save_inference,END,1774367068.6110742
EMIT_L1B_RAD_001_20240109T131423_2400908_003,load_scene,START,1774367068.6110978
EMIT_L1B_RAD_001_20240109T131423_2400908_003,load_scene,END,1774367074.0912805
EMIT_L1B_RAD_001_20240109T131423_2400908_003,tile_image,START,1774367074.0915716
EMIT_L1B_RAD_001_20240109T131423_2400908_003,tile_image,END,1774367074.78441
EMIT_L1B_RAD_001_20240109T131423_2400908_003,mag1c_prep,START,1774367074.7844183
EMIT_L1B_RAD_001_20240109T131423_2400908_003,mag1c_prep,END,1774367077.3961222
EMIT_L1B_RAD_001_20240109T131423_2400908_003,mag1c_compute,START,1774367077.396128
EMIT_L1B_RAD_001_20240109T131423_2400908_003,mag1c_compute,END,1774367091.2505221
EMIT_L1B_RAD_001_20240109T131423_2400908_003,mag1c_post,START,1774367091.2505317
EMIT_L1B_RAD_001_20240109T131423_2400908_003,mag1c_post,END,1774367091.2806027
EMIT_L1B_RAD_001_20240109T131423_2400908_003,normalize,START,1774367091.2806146
EMIT_L1B_RAD_001_20240109T131423_2400908_003,normalize,END,1774367091.4289453
EMIT_L1B_RAD_001_20240109T131423_2400908_003,inference_tiles,START,1774367091.4289763
EMIT_L1B_RAD_001_20240109T131423_2400908_003,inference_tiles,END,1774367095.143232
EMIT_L1B_RAD_001_20240109T131423_2400908_003,post_tiles,START,1774367095.1432412
EMIT_L1B_RAD_001_20240109T131423_2400908_003,post_tiles,END,1774367095.3015838
EMIT_L1B_RAD_001_20240109T131423_2400908_003,stitch_tiles,START,1774367095.301595
EMIT_L1B_RAD_001_20240109T131423_2400908_003,stitch_tiles,END,1774367095.317218
EMIT_L1B_RAD_001_20240109T131423_2400908_003,create_out_dir,START,1774367095.317242
EMIT_L1B_RAD_001_20240109T131423_2400908_003,create_out_dir,END,1774367095.3178854
EMIT_L1B_RAD_001_20240109T131423_2400908_003,save_inference,START,1774367095.317889
EMIT_L1B_RAD_001_20240109T131423_2400908_003,save_inference,END,1774367095.3653595
EMIT_L1B_RAD_001_20230131T053936_2303104_004,load_scene,START,1774367095.3653855
EMIT_L1B_RAD_001_20230131T053936_2303104_004,load_scene,END,1774367101.0862572
EMIT_L1B_RAD_001_20230131T053936_2303104_004,tile_image,START,1774367101.0865443
EMIT_L1B_RAD_001_20230131T053936_2303104_004,tile_image,END,1774367101.872082
EMIT_L1B_RAD_001_20230131T053936_2303104_004,mag1c_prep,START,1774367101.87209
EMIT_L1B_RAD_001_20230131T053936_2303104_004,mag1c_prep,END,1774367104.437349
EMIT_L1B_RAD_001_20230131T053936_2303104_004,mag1c_compute,START,1774367104.437354
EMIT_L1B_RAD_001_20230131T053936_2303104_004,mag1c_compute,END,1774367116.5806153
EMIT_L1B_RAD_001_20230131T053936_2303104_004,mag1c_post,START,1774367116.5806265
EMIT_L1B_RAD_001_20230131T053936_2303104_004,mag1c_post,END,1774367116.6110592
EMIT_L1B_RAD_001_20230131T053936_2303104_004,normalize,START,1774367116.6110709
EMIT_L1B_RAD_001_20230131T053936_2303104_004,normalize,END,1774367116.77271
EMIT_L1B_RAD_001_20230131T053936_2303104_004,inference_tiles,START,1774367116.7727244
EMIT_L1B_RAD_001_20230131T053936_2303104_004,inference_tiles,END,1774367120.435898
EMIT_L1B_RAD_001_20230131T053936_2303104_004,post_tiles,START,1774367120.4359088
EMIT_L1B_RAD_001_20230131T053936_2303104_004,post_tiles,END,1774367120.5745103
EMIT_L1B_RAD_001_20230131T053936_2303104_004,stitch_tiles,START,1774367120.574522
EMIT_L1B_RAD_001_20230131T053936_2303104_004,stitch_tiles,END,1774367120.5893395
EMIT_L1B_RAD_001_20230131T053936_2303104_004,create_out_dir,START,1774367120.5893528
EMIT_L1B_RAD_001_20230131T053936_2303104_004,create_out_dir,END,1774367120.590048
EMIT_L1B_RAD_001_20230131T053936_2303104_004,save_inference,START,1774367120.590052
EMIT_L1B_RAD_001_20230131T053936_2303104_004,save_inference,END,1774367120.6384327
EMIT_L1B_RAD_001_20231107T005349_2331101_003,load_scene,START,1774367120.6384578
EMIT_L1B_RAD_001_20231107T005349_2331101_003,load_scene,END,1774367130.956492
EMIT_L1B_RAD_001_20231107T005349_2331101_003,tile_image,START,1774367130.9567337
EMIT_L1B_RAD_001_20231107T005349_2331101_003,tile_image,END,1774367132.5711489
EMIT_L1B_RAD_001_20231107T005349_2331101_003,mag1c_prep,START,1774367132.5711575
EMIT_L1B_RAD_001_20231107T005349_2331101_003,mag1c_prep,END,1774367136.8909194
EMIT_L1B_RAD_001_20231107T005349_2331101_003,mag1c_compute,START,1774367136.8909261
EMIT_L1B_RAD_001_20231107T005349_2331101_003,mag1c_compute,END,1774367159.251244
EMIT_L1B_RAD_001_20231107T005349_2331101_003,mag1c_post,START,1774367159.2512543
EMIT_L1B_RAD_001_20231107T005349_2331101_003,mag1c_post,END,1774367159.3021052
EMIT_L1B_RAD_001_20231107T005349_2331101_003,normalize,START,1774367159.3021173
EMIT_L1B_RAD_001_20231107T005349_2331101_003,normalize,END,1774367159.7409122
EMIT_L1B_RAD_001_20231107T005349_2331101_003,inference_tiles,START,1774367159.74093
EMIT_L1B_RAD_001_20231107T005349_2331101_003,inference_tiles,END,1774367165.8597217
EMIT_L1B_RAD_001_20231107T005349_2331101_003,post_tiles,START,1774367165.8597314
EMIT_L1B_RAD_001_20231107T005349_2331101_003,post_tiles,END,1774367166.091056
EMIT_L1B_RAD_001_20231107T005349_2331101_003,stitch_tiles,START,1774367166.0910635
EMIT_L1B_RAD_001_20231107T005349_2331101_003,stitch_tiles,END,1774367166.114512
EMIT_L1B_RAD_001_20231107T005349_2331101_003,create_out_dir,START,1774367166.1145256
EMIT_L1B_RAD_001_20231107T005349_2331101_003,create_out_dir,END,1774367166.1151872
EMIT_L1B_RAD_001_20231107T005349_2331101_003,save_inference,START,1774367166.1151905
EMIT_L1B_RAD_001_20231107T005349_2331101_003,save_inference,END,1774367166.1893468
EMIT_L1B_RAD_001_20230926T114317_2326908_049,load_scene,START,1774367166.1893728
EMIT_L1B_RAD_001_20230926T114317_2326908_049,load_scene,END,1774367172.1469555
EMIT_L1B_RAD_001_20230926T114317_2326908_049,tile_image,START,1774367172.1472015
EMIT_L1B_RAD_001_20230926T114317_2326908_049,tile_image,END,1774367173.1043694
EMIT_L1B_RAD_001_20230926T114317_2326908_049,mag1c_prep,START,1774367173.1043775
EMIT_L1B_RAD_001_20230926T114317_2326908_049,mag1c_prep,END,1774367175.7115774
EMIT_L1B_RAD_001_20230926T114317_2326908_049,mag1c_compute,START,1774367175.7115831
EMIT_L1B_RAD_001_20230926T114317_2326908_049,mag1c_compute,END,1774367187.2313907
EMIT_L1B_RAD_001_20230926T114317_2326908_049,mag1c_post,START,1774367187.2314012
EMIT_L1B_RAD_001_20230926T114317_2326908_049,mag1c_post,END,1774367187.2616842
EMIT_L1B_RAD_001_20230926T114317_2326908_049,normalize,START,1774367187.261698
EMIT_L1B_RAD_001_20230926T114317_2326908_049,normalize,END,1774367187.5212502
EMIT_L1B_RAD_001_20230926T114317_2326908_049,inference_tiles,START,1774367187.5212677
EMIT_L1B_RAD_001_20230926T114317_2326908_049,inference_tiles,END,1774367191.223765
EMIT_L1B_RAD_001_20230926T114317_2326908_049,post_tiles,START,1774367191.2237763
EMIT_L1B_RAD_001_20230926T114317_2326908_049,post_tiles,END,1774367191.3622723
EMIT_L1B_RAD_001_20230926T114317_2326908_049,stitch_tiles,START,1774367191.3622835
EMIT_L1B_RAD_001_20230926T114317_2326908_049,stitch_tiles,END,1774367191.3768463
EMIT_L1B_RAD_001_20230926T114317_2326908_049,create_out_dir,START,1774367191.376871
EMIT_L1B_RAD_001_20230926T114317_2326908_049,create_out_dir,END,1774367191.377557
EMIT_L1B_RAD_001_20230926T114317_2326908_049,save_inference,START,1774367191.3775609
EMIT_L1B_RAD_001_20230926T114317_2326908_049,save_inference,END,1774367191.4262319
EMIT_L1B_RAD_001_20240116T173034_2401611_044,load_scene,START,1774367191.4262564
EMIT_L1B_RAD_001_20240116T173034_2401611_044,load_scene,END,1774367197.334156
EMIT_L1B_RAD_001_20240116T173034_2401611_044,tile_image,START,1774367197.3343832
EMIT_L1B_RAD_001_20240116T173034_2401611_044,tile_image,END,1774367198.246168
EMIT_L1B_RAD_001_20240116T173034_2401611_044,mag1c_prep,START,1774367198.246175
EMIT_L1B_RAD_001_20240116T173034_2401611_044,mag1c_prep,END,1774367200.626852
EMIT_L1B_RAD_001_20240116T173034_2401611_044,mag1c_compute,START,1774367200.6268582
EMIT_L1B_RAD_001_20240116T173034_2401611_044,mag1c_compute,END,1774367213.7882621
EMIT_L1B_RAD_001_20240116T173034_2401611_044,mag1c_post,START,1774367213.7882724
EMIT_L1B_RAD_001_20240116T173034_2401611_044,mag1c_post,END,1774367213.8184335
EMIT_L1B_RAD_001_20240116T173034_2401611_044,normalize,START,1774367213.8184457
EMIT_L1B_RAD_001_20240116T173034_2401611_044,normalize,END,1774367214.039934
EMIT_L1B_RAD_001_20240116T173034_2401611_044,inference_tiles,START,1774367214.0399458
EMIT_L1B_RAD_001_20240116T173034_2401611_044,inference_tiles,END,1774367217.7717345
EMIT_L1B_RAD_001_20240116T173034_2401611_044,post_tiles,START,1774367217.7717447
EMIT_L1B_RAD_001_20240116T173034_2401611_044,post_tiles,END,1774367217.9121394
EMIT_L1B_RAD_001_20240116T173034_2401611_044,stitch_tiles,START,1774367217.9121509
EMIT_L1B_RAD_001_20240116T173034_2401611_044,stitch_tiles,END,1774367217.9260418
EMIT_L1B_RAD_001_20240116T173034_2401611_044,create_out_dir,START,1774367217.9260557
EMIT_L1B_RAD_001_20240116T173034_2401611_044,create_out_dir,END,1774367217.926728
EMIT_L1B_RAD_001_20240116T173034_2401611_044,save_inference,START,1774367217.9267316
EMIT_L1B_RAD_001_20240116T173034_2401611_044,save_inference,END,1774367217.9753637
EMIT_L1B_RAD_001_20240427T061441_2411804_004,load_scene,START,1774367217.9753885
EMIT_L1B_RAD_001_20240427T061441_2411804_004,load_scene,END,1774367223.8103645
EMIT_L1B_RAD_001_20240427T061441_2411804_004,tile_image,START,1774367223.810618
EMIT_L1B_RAD_001_20240427T061441_2411804_004,tile_image,END,1774367224.6329043
EMIT_L1B_RAD_001_20240427T061441_2411804_004,mag1c_prep,START,1774367224.6329122
EMIT_L1B_RAD_001_20240427T061441_2411804_004,mag1c_prep,END,1774367227.001034
EMIT_L1B_RAD_001_20240427T061441_2411804_004,mag1c_compute,START,1774367227.00104
EMIT_L1B_RAD_001_20240427T061441_2411804_004,mag1c_compute,END,1774367238.753469
EMIT_L1B_RAD_001_20240427T061441_2411804_004,mag1c_post,START,1774367238.7534778
EMIT_L1B_RAD_001_20240427T061441_2411804_004,mag1c_post,END,1774367238.7835019
EMIT_L1B_RAD_001_20240427T061441_2411804_004,normalize,START,1774367238.7835155
EMIT_L1B_RAD_001_20240427T061441_2411804_004,normalize,END,1774367238.984711
EMIT_L1B_RAD_001_20240427T061441_2411804_004,inference_tiles,START,1774367238.9847236
EMIT_L1B_RAD_001_20240427T061441_2411804_004,inference_tiles,END,1774367242.71263
EMIT_L1B_RAD_001_20240427T061441_2411804_004,post_tiles,START,1774367242.7126405
EMIT_L1B_RAD_001_20240427T061441_2411804_004,post_tiles,END,1774367242.850623
EMIT_L1B_RAD_001_20240427T061441_2411804_004,stitch_tiles,START,1774367242.8506327
EMIT_L1B_RAD_001_20240427T061441_2411804_004,stitch_tiles,END,1774367242.8714035
EMIT_L1B_RAD_001_20240427T061441_2411804_004,create_out_dir,START,1774367242.871422
EMIT_L1B_RAD_001_20240427T061441_2411804_004,create_out_dir,END,1774367242.8721678
EMIT_L1B_RAD_001_20240427T061441_2411804_004,save_inference,START,1774367242.872171
EMIT_L1B_RAD_001_20240427T061441_2411804_004,save_inference,END,1774367242.9206822
EMIT_L1B_RAD_001_20240615T081147_2416706_008,load_scene,START,1774367242.9207077
EMIT_L1B_RAD_001_20240615T081147_2416706_008,load_scene,END,1774367248.5473902
EMIT_L1B_RAD_001_20240615T081147_2416706_008,tile_image,START,1774367248.5476298
EMIT_L1B_RAD_001_20240615T081147_2416706_008,tile_image,END,1774367249.355923
EMIT_L1B_RAD_001_20240615T081147_2416706_008,mag1c_prep,START,1774367249.3559306
EMIT_L1B_RAD_001_20240615T081147_2416706_008,mag1c_prep,END,1774367251.9201336
EMIT_L1B_RAD_001_20240615T081147_2416706_008,mag1c_compute,START,1774367251.9201388
EMIT_L1B_RAD_001_20240615T081147_2416706_008,mag1c_compute,END,1774367264.9232345
EMIT_L1B_RAD_001_20240615T081147_2416706_008,mag1c_post,START,1774367264.9232447
EMIT_L1B_RAD_001_20240615T081147_2416706_008,mag1c_post,END,1774367264.9533527
EMIT_L1B_RAD_001_20240615T081147_2416706_008,normalize,START,1774367264.9533663
EMIT_L1B_RAD_001_20240615T081147_2416706_008,normalize,END,1774367265.1366284
EMIT_L1B_RAD_001_20240615T081147_2416706_008,inference_tiles,START,1774367265.1366456
EMIT_L1B_RAD_001_20240615T081147_2416706_008,inference_tiles,END,1774367268.8486145
EMIT_L1B_RAD_001_20240615T081147_2416706_008,post_tiles,START,1774367268.8486242
EMIT_L1B_RAD_001_20240615T081147_2416706_008,post_tiles,END,1774367268.9868448
EMIT_L1B_RAD_001_20240615T081147_2416706_008,stitch_tiles,START,1774367268.9868553
EMIT_L1B_RAD_001_20240615T081147_2416706_008,stitch_tiles,END,1774367269.0201616
EMIT_L1B_RAD_001_20240615T081147_2416706_008,create_out_dir,START,1774367269.02018
EMIT_L1B_RAD_001_20240615T081147_2416706_008,create_out_dir,END,1774367269.0208733
EMIT_L1B_RAD_001_20240615T081147_2416706_008,save_inference,START,1774367269.0208771
EMIT_L1B_RAD_001_20240615T081147_2416706_008,save_inference,END,1774367269.0693045
EMIT_L1B_RAD_001_20240120T154618_2402010_008,load_scene,START,1774367269.0693297
EMIT_L1B_RAD_001_20240120T154618_2402010_008,load_scene,END,1774367274.811307
EMIT_L1B_RAD_001_20240120T154618_2402010_008,tile_image,START,1774367274.811625
EMIT_L1B_RAD_001_20240120T154618_2402010_008,tile_image,END,1774367275.5824096
EMIT_L1B_RAD_001_20240120T154618_2402010_008,mag1c_prep,START,1774367275.5824175
EMIT_L1B_RAD_001_20240120T154618_2402010_008,mag1c_prep,END,1774367278.1444335
EMIT_L1B_RAD_001_20240120T154618_2402010_008,mag1c_compute,START,1774367278.1444392
EMIT_L1B_RAD_001_20240120T154618_2402010_008,mag1c_compute,END,1774367289.1968791
EMIT_L1B_RAD_001_20240120T154618_2402010_008,mag1c_post,START,1774367289.1968892
EMIT_L1B_RAD_001_20240120T154618_2402010_008,mag1c_post,END,1774367289.2277145
EMIT_L1B_RAD_001_20240120T154618_2402010_008,normalize,START,1774367289.2277353
EMIT_L1B_RAD_001_20240120T154618_2402010_008,normalize,END,1774367289.3944814
EMIT_L1B_RAD_001_20240120T154618_2402010_008,inference_tiles,START,1774367289.3944936
EMIT_L1B_RAD_001_20240120T154618_2402010_008,inference_tiles,END,1774367293.127124
EMIT_L1B_RAD_001_20240120T154618_2402010_008,post_tiles,START,1774367293.1271343
EMIT_L1B_RAD_001_20240120T154618_2402010_008,post_tiles,END,1774367293.27015
EMIT_L1B_RAD_001_20240120T154618_2402010_008,stitch_tiles,START,1774367293.2701602
EMIT_L1B_RAD_001_20240120T154618_2402010_008,stitch_tiles,END,1774367293.2847383
EMIT_L1B_RAD_001_20240120T154618_2402010_008,create_out_dir,START,1774367293.284753
EMIT_L1B_RAD_001_20240120T154618_2402010_008,create_out_dir,END,1774367293.2854197
EMIT_L1B_RAD_001_20240120T154618_2402010_008,save_inference,START,1774367293.285423
EMIT_L1B_RAD_001_20240120T154618_2402010_008,save_inference,END,1774367293.3331985
EMIT_L1B_RAD_001_20231009T060956_2328204_031,load_scene,START,1774367293.3332198
EMIT_L1B_RAD_001_20231009T060956_2328204_031,load_scene,END,1774367299.005162
EMIT_L1B_RAD_001_20231009T060956_2328204_031,tile_image,START,1774367299.005403
EMIT_L1B_RAD_001_20231009T060956_2328204_031,tile_image,END,1774367299.802658
EMIT_L1B_RAD_001_20231009T060956_2328204_031,mag1c_prep,START,1774367299.802667
EMIT_L1B_RAD_001_20231009T060956_2328204_031,mag1c_prep,END,1774367302.3900003
EMIT_L1B_RAD_001_20231009T060956_2328204_031,mag1c_compute,START,1774367302.3900056
EMIT_L1B_RAD_001_20231009T060956_2328204_031,mag1c_compute,END,1774367314.2127426
EMIT_L1B_RAD_001_20231009T060956_2328204_031,mag1c_post,START,1774367314.212754
EMIT_L1B_RAD_001_20231009T060956_2328204_031,mag1c_post,END,1774367314.2425654
EMIT_L1B_RAD_001_20231009T060956_2328204_031,normalize,START,1774367314.2425785
EMIT_L1B_RAD_001_20231009T060956_2328204_031,normalize,END,1774367314.404783
EMIT_L1B_RAD_001_20231009T060956_2328204_031,inference_tiles,START,1774367314.4047997
EMIT_L1B_RAD_001_20231009T060956_2328204_031,inference_tiles,END,1774367318.1084845
EMIT_L1B_RAD_001_20231009T060956_2328204_031,post_tiles,START,1774367318.1084948
EMIT_L1B_RAD_001_20231009T060956_2328204_031,post_tiles,END,1774367318.2482975
EMIT_L1B_RAD_001_20231009T060956_2328204_031,stitch_tiles,START,1774367318.2483082
EMIT_L1B_RAD_001_20231009T060956_2328204_031,stitch_tiles,END,1774367318.2621248
EMIT_L1B_RAD_001_20231009T060956_2328204_031,create_out_dir,START,1774367318.2621381
EMIT_L1B_RAD_001_20231009T060956_2328204_031,create_out_dir,END,1774367318.262813
EMIT_L1B_RAD_001_20231009T060956_2328204_031,save_inference,START,1774367318.2628164
EMIT_L1B_RAD_001_20231009T060956_2328204_031,save_inference,END,1774367318.3125176
EMIT_L1B_RAD_001_20240417T122831_2410808_003,load_scene,START,1774367318.3125415
EMIT_L1B_RAD_001_20240417T122831_2410808_003,load_scene,END,1774367328.767602
EMIT_L1B_RAD_001_20240417T122831_2410808_003,tile_image,START,1774367328.7679434
EMIT_L1B_RAD_001_20240417T122831_2410808_003,tile_image,END,1774367330.4145944
EMIT_L1B_RAD_001_20240417T122831_2410808_003,mag1c_prep,START,1774367330.4146023
EMIT_L1B_RAD_001_20240417T122831_2410808_003,mag1c_prep,END,1774367334.7907135
EMIT_L1B_RAD_001_20240417T122831_2410808_003,mag1c_compute,START,1774367334.7907195
EMIT_L1B_RAD_001_20240417T122831_2410808_003,mag1c_compute,END,1774367356.8429332
EMIT_L1B_RAD_001_20240417T122831_2410808_003,mag1c_post,START,1774367356.8429446
EMIT_L1B_RAD_001_20240417T122831_2410808_003,mag1c_post,END,1774367356.8944237
EMIT_L1B_RAD_001_20240417T122831_2410808_003,normalize,START,1774367356.8944378
EMIT_L1B_RAD_001_20240417T122831_2410808_003,normalize,END,1774367357.328574
EMIT_L1B_RAD_001_20240417T122831_2410808_003,inference_tiles,START,1774367357.3285918
EMIT_L1B_RAD_001_20240417T122831_2410808_003,inference_tiles,END,1774367363.4453273
EMIT_L1B_RAD_001_20240417T122831_2410808_003,post_tiles,START,1774367363.4453375
EMIT_L1B_RAD_001_20240417T122831_2410808_003,post_tiles,END,1774367363.6762762
EMIT_L1B_RAD_001_20240417T122831_2410808_003,stitch_tiles,START,1774367363.6762853
EMIT_L1B_RAD_001_20240417T122831_2410808_003,stitch_tiles,END,1774367363.7015593
EMIT_L1B_RAD_001_20240417T122831_2410808_003,create_out_dir,START,1774367363.7015724
EMIT_L1B_RAD_001_20240417T122831_2410808_003,create_out_dir,END,1774367363.7022493
EMIT_L1B_RAD_001_20240417T122831_2410808_003,save_inference,START,1774367363.7022524
EMIT_L1B_RAD_001_20240417T122831_2410808_003,save_inference,END,1774367363.774658
EMIT_L1B_RAD_001_20240131T182459_2403112_011,load_scene,START,1774367363.7746785
EMIT_L1B_RAD_001_20240131T182459_2403112_011,load_scene,END,1774367369.702997
EMIT_L1B_RAD_001_20240131T182459_2403112_011,tile_image,START,1774367369.703252
EMIT_L1B_RAD_001_20240131T182459_2403112_011,tile_image,END,1774367370.573511
EMIT_L1B_RAD_001_20240131T182459_2403112_011,mag1c_prep,START,1774367370.5735195
EMIT_L1B_RAD_001_20240131T182459_2403112_011,mag1c_prep,END,1774367373.1294096
EMIT_L1B_RAD_001_20240131T182459_2403112_011,mag1c_compute,START,1774367373.1294148
EMIT_L1B_RAD_001_20240131T182459_2403112_011,mag1c_compute,END,1774367385.0597303
EMIT_L1B_RAD_001_20240131T182459_2403112_011,mag1c_post,START,1774367385.0597403
EMIT_L1B_RAD_001_20240131T182459_2403112_011,mag1c_post,END,1774367385.0908964
EMIT_L1B_RAD_001_20240131T182459_2403112_011,normalize,START,1774367385.0909092
EMIT_L1B_RAD_001_20240131T182459_2403112_011,normalize,END,1774367385.3174238
EMIT_L1B_RAD_001_20240131T182459_2403112_011,inference_tiles,START,1774367385.3174376
EMIT_L1B_RAD_001_20240131T182459_2403112_011,inference_tiles,END,1774367389.0499222
EMIT_L1B_RAD_001_20240131T182459_2403112_011,post_tiles,START,1774367389.0499318
EMIT_L1B_RAD_001_20240131T182459_2403112_011,post_tiles,END,1774367389.1921444
EMIT_L1B_RAD_001_20240131T182459_2403112_011,stitch_tiles,START,1774367389.192155
EMIT_L1B_RAD_001_20240131T182459_2403112_011,stitch_tiles,END,1774367389.2057223
EMIT_L1B_RAD_001_20240131T182459_2403112_011,create_out_dir,START,1774367389.205736
EMIT_L1B_RAD_001_20240131T182459_2403112_011,create_out_dir,END,1774367389.2064056
EMIT_L1B_RAD_001_20240131T182459_2403112_011,save_inference,START,1774367389.206409
EMIT_L1B_RAD_001_20240131T182459_2403112_011,save_inference,END,1774367389.2549114
EMIT_L1B_RAD_001_20240530T162406_2415111_002,load_scene,START,1774367389.2549372
EMIT_L1B_RAD_001_20240530T162406_2415111_002,load_scene,END,1774367394.9711325
EMIT_L1B_RAD_001_20240530T162406_2415111_002,tile_image,START,1774367394.9713852
EMIT_L1B_RAD_001_20240530T162406_2415111_002,tile_image,END,1774367395.8561738
EMIT_L1B_RAD_001_20240530T162406_2415111_002,mag1c_prep,START,1774367395.8561819
EMIT_L1B_RAD_001_20240530T162406_2415111_002,mag1c_prep,END,1774367398.408884
EMIT_L1B_RAD_001_20240530T162406_2415111_002,mag1c_compute,START,1774367398.4088895
EMIT_L1B_RAD_001_20240530T162406_2415111_002,mag1c_compute,END,1774367411.451362
EMIT_L1B_RAD_001_20240530T162406_2415111_002,mag1c_post,START,1774367411.4513729
EMIT_L1B_RAD_001_20240530T162406_2415111_002,mag1c_post,END,1774367411.4818265
EMIT_L1B_RAD_001_20240530T162406_2415111_002,normalize,START,1774367411.4818456
EMIT_L1B_RAD_001_20240530T162406_2415111_002,normalize,END,1774367411.7003727
EMIT_L1B_RAD_001_20240530T162406_2415111_002,inference_tiles,START,1774367411.7003837
EMIT_L1B_RAD_001_20240530T162406_2415111_002,inference_tiles,END,1774367415.4422662
EMIT_L1B_RAD_001_20240530T162406_2415111_002,post_tiles,START,1774367415.4422762
EMIT_L1B_RAD_001_20240530T162406_2415111_002,post_tiles,END,1774367415.5811355
EMIT_L1B_RAD_001_20240530T162406_2415111_002,stitch_tiles,START,1774367415.5811443
EMIT_L1B_RAD_001_20240530T162406_2415111_002,stitch_tiles,END,1774367415.5953135
EMIT_L1B_RAD_001_20240530T162406_2415111_002,create_out_dir,START,1774367415.5953279
EMIT_L1B_RAD_001_20240530T162406_2415111_002,create_out_dir,END,1774367415.5960588
EMIT_L1B_RAD_001_20240530T162406_2415111_002,save_inference,START,1774367415.5960622
EMIT_L1B_RAD_001_20240530T162406_2415111_002,save_inference,END,1774367415.6453595
EMIT_L1B_RAD_001_20240321T020127_2408101_005,load_scene,START,1774367415.645384
EMIT_L1B_RAD_001_20240321T020127_2408101_005,load_scene,END,1774367421.6796522
EMIT_L1B_RAD_001_20240321T020127_2408101_005,tile_image,START,1774367421.6800635
EMIT_L1B_RAD_001_20240321T020127_2408101_005,tile_image,END,1774367422.5453887
EMIT_L1B_RAD_001_20240321T020127_2408101_005,mag1c_prep,START,1774367422.5453973
EMIT_L1B_RAD_001_20240321T020127_2408101_005,mag1c_prep,END,1774367425.1500356
EMIT_L1B_RAD_001_20240321T020127_2408101_005,mag1c_compute,START,1774367425.1500409
EMIT_L1B_RAD_001_20240321T020127_2408101_005,mag1c_compute,END,1774367436.5801973
EMIT_L1B_RAD_001_20240321T020127_2408101_005,mag1c_post,START,1774367436.5802083
EMIT_L1B_RAD_001_20240321T020127_2408101_005,mag1c_post,END,1774367436.6106298
EMIT_L1B_RAD_001_20240321T020127_2408101_005,normalize,START,1774367436.6106417
EMIT_L1B_RAD_001_20240321T020127_2408101_005,normalize,END,1774367436.8309898
EMIT_L1B_RAD_001_20240321T020127_2408101_005,inference_tiles,START,1774367436.8310072
EMIT_L1B_RAD_001_20240321T020127_2408101_005,inference_tiles,END,1774367440.554823
EMIT_L1B_RAD_001_20240321T020127_2408101_005,post_tiles,START,1774367440.5548325
EMIT_L1B_RAD_001_20240321T020127_2408101_005,post_tiles,END,1774367440.6937506
EMIT_L1B_RAD_001_20240321T020127_2408101_005,stitch_tiles,START,1774367440.6937582
EMIT_L1B_RAD_001_20240321T020127_2408101_005,stitch_tiles,END,1774367440.7086697
EMIT_L1B_RAD_001_20240321T020127_2408101_005,create_out_dir,START,1774367440.7086842
EMIT_L1B_RAD_001_20240321T020127_2408101_005,create_out_dir,END,1774367440.709352
EMIT_L1B_RAD_001_20240321T020127_2408101_005,save_inference,START,1774367440.709355
EMIT_L1B_RAD_001_20240321T020127_2408101_005,save_inference,END,1774367440.7579434
EMIT_L1B_RAD_001_20230629T061850_2318004_025,load_scene,START,1774367440.7579718
EMIT_L1B_RAD_001_20230629T061850_2318004_025,load_scene,END,1774367446.387942
EMIT_L1B_RAD_001_20230629T061850_2318004_025,tile_image,START,1774367446.3882344
EMIT_L1B_RAD_001_20230629T061850_2318004_025,tile_image,END,1774367447.233651
EMIT_L1B_RAD_001_20230629T061850_2318004_025,mag1c_prep,START,1774367447.2336588
EMIT_L1B_RAD_001_20230629T061850_2318004_025,mag1c_prep,END,1774367449.8522265
EMIT_L1B_RAD_001_20230629T061850_2318004_025,mag1c_compute,START,1774367449.8522322
EMIT_L1B_RAD_001_20230629T061850_2318004_025,mag1c_compute,END,1774367462.1298313
EMIT_L1B_RAD_001_20230629T061850_2318004_025,mag1c_post,START,1774367462.1298416
EMIT_L1B_RAD_001_20230629T061850_2318004_025,mag1c_post,END,1774367462.1608226
EMIT_L1B_RAD_001_20230629T061850_2318004_025,normalize,START,1774367462.1608348
EMIT_L1B_RAD_001_20230629T061850_2318004_025,normalize,END,1774367462.344534
EMIT_L1B_RAD_001_20230629T061850_2318004_025,inference_tiles,START,1774367462.344547
EMIT_L1B_RAD_001_20230629T061850_2318004_025,inference_tiles,END,1774367466.0901344
EMIT_L1B_RAD_001_20230629T061850_2318004_025,post_tiles,START,1774367466.0901427
EMIT_L1B_RAD_001_20230629T061850_2318004_025,post_tiles,END,1774367466.228101
EMIT_L1B_RAD_001_20230629T061850_2318004_025,stitch_tiles,START,1774367466.22811
EMIT_L1B_RAD_001_20230629T061850_2318004_025,stitch_tiles,END,1774367466.2425265
EMIT_L1B_RAD_001_20230629T061850_2318004_025,create_out_dir,START,1774367466.242539
EMIT_L1B_RAD_001_20230629T061850_2318004_025,create_out_dir,END,1774367466.2431023
EMIT_L1B_RAD_001_20230629T061850_2318004_025,save_inference,START,1774367466.2431078
EMIT_L1B_RAD_001_20230629T061850_2318004_025,save_inference,END,1774367466.2924597
EMIT_L1B_RAD_001_20231003T074704_2327605_043,load_scene,START,1774367466.2924857
EMIT_L1B_RAD_001_20231003T074704_2327605_043,load_scene,END,1774367471.9922414
EMIT_L1B_RAD_001_20231003T074704_2327605_043,tile_image,START,1774367471.9924817
EMIT_L1B_RAD_001_20231003T074704_2327605_043,tile_image,END,1774367472.7398798
EMIT_L1B_RAD_001_20231003T074704_2327605_043,mag1c_prep,START,1774367472.7398894
EMIT_L1B_RAD_001_20231003T074704_2327605_043,mag1c_prep,END,1774367475.252743
EMIT_L1B_RAD_001_20231003T074704_2327605_043,mag1c_compute,START,1774367475.2527485
EMIT_L1B_RAD_001_20231003T074704_2327605_043,mag1c_compute,END,1774367486.0234792
EMIT_L1B_RAD_001_20231003T074704_2327605_043,mag1c_post,START,1774367486.0234897
EMIT_L1B_RAD_001_20231003T074704_2327605_043,mag1c_post,END,1774367486.0533814
EMIT_L1B_RAD_001_20231003T074704_2327605_043,normalize,START,1774367486.0533938
EMIT_L1B_RAD_001_20231003T074704_2327605_043,normalize,END,1774367486.221239
EMIT_L1B_RAD_001_20231003T074704_2327605_043,inference_tiles,START,1774367486.221251
EMIT_L1B_RAD_001_20231003T074704_2327605_043,inference_tiles,END,1774367490.0303469
EMIT_L1B_RAD_001_20231003T074704_2327605_043,post_tiles,START,1774367490.0303574
EMIT_L1B_RAD_001_20231003T074704_2327605_043,post_tiles,END,1774367490.168806
EMIT_L1B_RAD_001_20231003T074704_2327605_043,stitch_tiles,START,1774367490.1688166
EMIT_L1B_RAD_001_20231003T074704_2327605_043,stitch_tiles,END,1774367490.1830902
EMIT_L1B_RAD_001_20231003T074704_2327605_043,create_out_dir,START,1774367490.1831036
EMIT_L1B_RAD_001_20231003T074704_2327605_043,create_out_dir,END,1774367490.1838398
EMIT_L1B_RAD_001_20231003T074704_2327605_043,save_inference,START,1774367490.183843
EMIT_L1B_RAD_001_20231003T074704_2327605_043,save_inference,END,1774367490.2324424
EMIT_L1B_RAD_001_20240405T170141_2409611_020,load_scene,START,1774367490.2324677
EMIT_L1B_RAD_001_20240405T170141_2409611_020,load_scene,END,1774367495.9061835
EMIT_L1B_RAD_001_20240405T170141_2409611_020,tile_image,START,1774367495.9065547
EMIT_L1B_RAD_001_20240405T170141_2409611_020,tile_image,END,1774367496.6925807
EMIT_L1B_RAD_001_20240405T170141_2409611_020,mag1c_prep,START,1774367496.6925895
EMIT_L1B_RAD_001_20240405T170141_2409611_020,mag1c_prep,END,1774367499.1433754
EMIT_L1B_RAD_001_20240405T170141_2409611_020,mag1c_compute,START,1774367499.1433814
EMIT_L1B_RAD_001_20240405T170141_2409611_020,mag1c_compute,END,1774367511.2350464
EMIT_L1B_RAD_001_20240405T170141_2409611_020,mag1c_post,START,1774367511.2350557
EMIT_L1B_RAD_001_20240405T170141_2409611_020,mag1c_post,END,1774367511.265012
EMIT_L1B_RAD_001_20240405T170141_2409611_020,normalize,START,1774367511.2650225
EMIT_L1B_RAD_001_20240405T170141_2409611_020,normalize,END,1774367511.4571683
EMIT_L1B_RAD_001_20240405T170141_2409611_020,inference_tiles,START,1774367511.457186
EMIT_L1B_RAD_001_20240405T170141_2409611_020,inference_tiles,END,1774367515.1184282
EMIT_L1B_RAD_001_20240405T170141_2409611_020,post_tiles,START,1774367515.1184387
EMIT_L1B_RAD_001_20240405T170141_2409611_020,post_tiles,END,1774367515.258093
EMIT_L1B_RAD_001_20240405T170141_2409611_020,stitch_tiles,START,1774367515.258103
EMIT_L1B_RAD_001_20240405T170141_2409611_020,stitch_tiles,END,1774367515.2723475
EMIT_L1B_RAD_001_20240405T170141_2409611_020,create_out_dir,START,1774367515.2723591
EMIT_L1B_RAD_001_20240405T170141_2409611_020,create_out_dir,END,1774367515.2729385
EMIT_L1B_RAD_001_20240405T170141_2409611_020,save_inference,START,1774367515.2729418
EMIT_L1B_RAD_001_20240405T170141_2409611_020,save_inference,END,1774367515.323156
EMIT_L1B_RAD_001_20240805T033343_2421803_022,load_scene,START,1774367515.3232415
EMIT_L1B_RAD_001_20240805T033343_2421803_022,load_scene,END,1774367520.9437177
EMIT_L1B_RAD_001_20240805T033343_2421803_022,tile_image,START,1774367520.9440076
EMIT_L1B_RAD_001_20240805T033343_2421803_022,tile_image,END,1774367521.7329109
EMIT_L1B_RAD_001_20240805T033343_2421803_022,mag1c_prep,START,1774367521.7329192
EMIT_L1B_RAD_001_20240805T033343_2421803_022,mag1c_prep,END,1774367524.1286128
EMIT_L1B_RAD_001_20240805T033343_2421803_022,mag1c_compute,START,1774367524.1286187
EMIT_L1B_RAD_001_20240805T033343_2421803_022,mag1c_compute,END,1774367536.8485196
EMIT_L1B_RAD_001_20240805T033343_2421803_022,mag1c_post,START,1774367536.8485298
EMIT_L1B_RAD_001_20240805T033343_2421803_022,mag1c_post,END,1774367536.8787572
EMIT_L1B_RAD_001_20240805T033343_2421803_022,normalize,START,1774367536.8787692
EMIT_L1B_RAD_001_20240805T033343_2421803_022,normalize,END,1774367537.0709062
EMIT_L1B_RAD_001_20240805T033343_2421803_022,inference_tiles,START,1774367537.0709195
EMIT_L1B_RAD_001_20240805T033343_2421803_022,inference_tiles,END,1774367540.887682
EMIT_L1B_RAD_001_20240805T033343_2421803_022,post_tiles,START,1774367540.8876917
EMIT_L1B_RAD_001_20240805T033343_2421803_022,post_tiles,END,1774367541.0257614
EMIT_L1B_RAD_001_20240805T033343_2421803_022,stitch_tiles,START,1774367541.0257719
EMIT_L1B_RAD_001_20240805T033343_2421803_022,stitch_tiles,END,1774367541.040315
EMIT_L1B_RAD_001_20240805T033343_2421803_022,create_out_dir,START,1774367541.04033
EMIT_L1B_RAD_001_20240805T033343_2421803_022,create_out_dir,END,1774367541.0409944
EMIT_L1B_RAD_001_20240805T033343_2421803_022,save_inference,START,1774367541.0409973
EMIT_L1B_RAD_001_20240805T033343_2421803_022,save_inference,END,1774367541.0901518
EMIT_L1B_RAD_001_20230224T181429_2305512_036,load_scene,START,1774367541.0901692
EMIT_L1B_RAD_001_20230224T181429_2305512_036,load_scene,END,1774367546.8177319
EMIT_L1B_RAD_001_20230224T181429_2305512_036,tile_image,START,1774367546.8179832
EMIT_L1B_RAD_001_20230224T181429_2305512_036,tile_image,END,1774367547.5862472
EMIT_L1B_RAD_001_20230224T181429_2305512_036,mag1c_prep,START,1774367547.5862546
EMIT_L1B_RAD_001_20230224T181429_2305512_036,mag1c_prep,END,1774367550.1741161
EMIT_L1B_RAD_001_20230224T181429_2305512_036,mag1c_compute,START,1774367550.1741226
EMIT_L1B_RAD_001_20230224T181429_2305512_036,mag1c_compute,END,1774367563.3427022
EMIT_L1B_RAD_001_20230224T181429_2305512_036,mag1c_post,START,1774367563.3427124
EMIT_L1B_RAD_001_20230224T181429_2305512_036,mag1c_post,END,1774367563.3727689
EMIT_L1B_RAD_001_20230224T181429_2305512_036,normalize,START,1774367563.3727798
EMIT_L1B_RAD_001_20230224T181429_2305512_036,normalize,END,1774367563.5495856
EMIT_L1B_RAD_001_20230224T181429_2305512_036,inference_tiles,START,1774367563.5495992
EMIT_L1B_RAD_001_20230224T181429_2305512_036,inference_tiles,END,1774367567.2644053
EMIT_L1B_RAD_001_20230224T181429_2305512_036,post_tiles,START,1774367567.2644148
EMIT_L1B_RAD_001_20230224T181429_2305512_036,post_tiles,END,1774367567.4034867
EMIT_L1B_RAD_001_20230224T181429_2305512_036,stitch_tiles,START,1774367567.4034982
EMIT_L1B_RAD_001_20230224T181429_2305512_036,stitch_tiles,END,1774367567.41821
EMIT_L1B_RAD_001_20230224T181429_2305512_036,create_out_dir,START,1774367567.418224
EMIT_L1B_RAD_001_20230224T181429_2305512_036,create_out_dir,END,1774367567.4189055
EMIT_L1B_RAD_001_20230224T181429_2305512_036,save_inference,START,1774367567.4189086
EMIT_L1B_RAD_001_20230224T181429_2305512_036,save_inference,END,1774367567.4684403
EMIT_L1B_RAD_001_20231023T092142_2329606_002,load_scene,START,1774367567.4684658
EMIT_L1B_RAD_001_20231023T092142_2329606_002,load_scene,END,1774367573.2503648
EMIT_L1B_RAD_001_20231023T092142_2329606_002,tile_image,START,1774367573.2506068
EMIT_L1B_RAD_001_20231023T092142_2329606_002,tile_image,END,1774367574.0194972
EMIT_L1B_RAD_001_20231023T092142_2329606_002,mag1c_prep,START,1774367574.0195057
EMIT_L1B_RAD_001_20231023T092142_2329606_002,mag1c_prep,END,1774367576.5972025
EMIT_L1B_RAD_001_20231023T092142_2329606_002,mag1c_compute,START,1774367576.597208
EMIT_L1B_RAD_001_20231023T092142_2329606_002,mag1c_compute,END,1774367588.1485515
EMIT_L1B_RAD_001_20231023T092142_2329606_002,mag1c_post,START,1774367588.1485624
EMIT_L1B_RAD_001_20231023T092142_2329606_002,mag1c_post,END,1774367588.1787567
EMIT_L1B_RAD_001_20231023T092142_2329606_002,normalize,START,1774367588.17877
EMIT_L1B_RAD_001_20231023T092142_2329606_002,normalize,END,1774367588.3558123
EMIT_L1B_RAD_001_20231023T092142_2329606_002,inference_tiles,START,1774367588.3558247
EMIT_L1B_RAD_001_20231023T092142_2329606_002,inference_tiles,END,1774367592.0298274
EMIT_L1B_RAD_001_20231023T092142_2329606_002,post_tiles,START,1774367592.0298376
EMIT_L1B_RAD_001_20231023T092142_2329606_002,post_tiles,END,1774367592.169249
EMIT_L1B_RAD_001_20231023T092142_2329606_002,stitch_tiles,START,1774367592.1692588
EMIT_L1B_RAD_001_20231023T092142_2329606_002,stitch_tiles,END,1774367592.1845064
EMIT_L1B_RAD_001_20231023T092142_2329606_002,create_out_dir,START,1774367592.184521
EMIT_L1B_RAD_001_20231023T092142_2329606_002,create_out_dir,END,1774367592.185177
EMIT_L1B_RAD_001_20231023T092142_2329606_002,save_inference,START,1774367592.185181
EMIT_L1B_RAD_001_20231023T092142_2329606_002,save_inference,END,1774367592.2338767
EMIT_L1B_RAD_001_20240728T190943_2421013_027,load_scene,START,1774367592.2338958
EMIT_L1B_RAD_001_20240728T190943_2421013_027,load_scene,END,1774367597.8441265
EMIT_L1B_RAD_001_20240728T190943_2421013_027,tile_image,START,1774367597.844366
EMIT_L1B_RAD_001_20240728T190943_2421013_027,tile_image,END,1774367598.5794883
EMIT_L1B_RAD_001_20240728T190943_2421013_027,mag1c_prep,START,1774367598.5794964
EMIT_L1B_RAD_001_20240728T190943_2421013_027,mag1c_prep,END,1774367600.218795
EMIT_L1B_RAD_001_20240728T190943_2421013_027,mag1c_compute,START,1774367600.2188017
EMIT_L1B_RAD_001_20240728T190943_2421013_027,mag1c_compute,END,1774367604.1559815
EMIT_L1B_RAD_001_20240728T190943_2421013_027,mag1c_post,START,1774367604.155991
EMIT_L1B_RAD_001_20240728T190943_2421013_027,mag1c_post,END,1774367604.172385
EMIT_L1B_RAD_001_20240728T190943_2421013_027,normalize,START,1774367604.172396
EMIT_L1B_RAD_001_20240728T190943_2421013_027,normalize,END,1774367604.3545897
EMIT_L1B_RAD_001_20240728T190943_2421013_027,inference_tiles,START,1774367604.3546064
EMIT_L1B_RAD_001_20240728T190943_2421013_027,inference_tiles,END,1774367608.0564137
EMIT_L1B_RAD_001_20240728T190943_2421013_027,post_tiles,START,1774367608.0564234
EMIT_L1B_RAD_001_20240728T190943_2421013_027,post_tiles,END,1774367608.1956618
EMIT_L1B_RAD_001_20240728T190943_2421013_027,stitch_tiles,START,1774367608.1956704
EMIT_L1B_RAD_001_20240728T190943_2421013_027,stitch_tiles,END,1774367608.2098198
EMIT_L1B_RAD_001_20240728T190943_2421013_027,create_out_dir,START,1774367608.2098298
EMIT_L1B_RAD_001_20240728T190943_2421013_027,create_out_dir,END,1774367608.2103791
EMIT_L1B_RAD_001_20240728T190943_2421013_027,save_inference,START,1774367608.210382
EMIT_L1B_RAD_001_20240728T190943_2421013_027,save_inference,END,1774367608.2588494
EMIT_L1B_RAD_001_20240424T143748_2411510_005,load_scene,START,1774367608.2588747
EMIT_L1B_RAD_001_20240424T143748_2411510_005,load_scene,END,1774367613.8782866
EMIT_L1B_RAD_001_20240424T143748_2411510_005,tile_image,START,1774367613.8784602
EMIT_L1B_RAD_001_20240424T143748_2411510_005,tile_image,END,1774367614.7322457
EMIT_L1B_RAD_001_20240424T143748_2411510_005,mag1c_prep,START,1774367614.7322547
EMIT_L1B_RAD_001_20240424T143748_2411510_005,mag1c_prep,END,1774367616.5398173
EMIT_L1B_RAD_001_20240424T143748_2411510_005,mag1c_compute,START,1774367616.5398219
EMIT_L1B_RAD_001_20240424T143748_2411510_005,mag1c_compute,END,1774367623.7764354
EMIT_L1B_RAD_001_20240424T143748_2411510_005,mag1c_post,START,1774367623.7764456
EMIT_L1B_RAD_001_20240424T143748_2411510_005,mag1c_post,END,1774367623.7968554
EMIT_L1B_RAD_001_20240424T143748_2411510_005,normalize,START,1774367623.7968678
EMIT_L1B_RAD_001_20240424T143748_2411510_005,normalize,END,1774367623.9633098
EMIT_L1B_RAD_001_20240424T143748_2411510_005,inference_tiles,START,1774367623.963328
EMIT_L1B_RAD_001_20240424T143748_2411510_005,inference_tiles,END,1774367627.6778588
EMIT_L1B_RAD_001_20240424T143748_2411510_005,post_tiles,START,1774367627.677869
EMIT_L1B_RAD_001_20240424T143748_2411510_005,post_tiles,END,1774367627.819681
EMIT_L1B_RAD_001_20240424T143748_2411510_005,stitch_tiles,START,1774367627.8196914
EMIT_L1B_RAD_001_20240424T143748_2411510_005,stitch_tiles,END,1774367627.8339086
EMIT_L1B_RAD_001_20240424T143748_2411510_005,create_out_dir,START,1774367627.833922
EMIT_L1B_RAD_001_20240424T143748_2411510_005,create_out_dir,END,1774367627.8345864
EMIT_L1B_RAD_001_20240424T143748_2411510_005,save_inference,START,1774367627.8345897
EMIT_L1B_RAD_001_20240424T143748_2411510_005,save_inference,END,1774367627.8853686
EMIT_L1B_RAD_001_20230422T091058_2311206_018,load_scene,START,1774367627.8853898
EMIT_L1B_RAD_001_20230422T091058_2311206_018,load_scene,END,1774367633.5843663
EMIT_L1B_RAD_001_20230422T091058_2311206_018,tile_image,START,1774367633.5846024
EMIT_L1B_RAD_001_20230422T091058_2311206_018,tile_image,END,1774367634.3471816
EMIT_L1B_RAD_001_20230422T091058_2311206_018,mag1c_prep,START,1774367634.3471897
EMIT_L1B_RAD_001_20230422T091058_2311206_018,mag1c_prep,END,1774367636.966748
EMIT_L1B_RAD_001_20230422T091058_2311206_018,mag1c_compute,START,1774367636.9667535
EMIT_L1B_RAD_001_20230422T091058_2311206_018,mag1c_compute,END,1774367650.5775836
EMIT_L1B_RAD_001_20230422T091058_2311206_018,mag1c_post,START,1774367650.5775921
EMIT_L1B_RAD_001_20230422T091058_2311206_018,mag1c_post,END,1774367650.6081798
EMIT_L1B_RAD_001_20230422T091058_2311206_018,normalize,START,1774367650.6081922
EMIT_L1B_RAD_001_20230422T091058_2311206_018,normalize,END,1774367650.7917295
EMIT_L1B_RAD_001_20230422T091058_2311206_018,inference_tiles,START,1774367650.7917402
EMIT_L1B_RAD_001_20230422T091058_2311206_018,inference_tiles,END,1774367654.4448206
EMIT_L1B_RAD_001_20230422T091058_2311206_018,post_tiles,START,1774367654.4448304
EMIT_L1B_RAD_001_20230422T091058_2311206_018,post_tiles,END,1774367654.5856733
EMIT_L1B_RAD_001_20230422T091058_2311206_018,stitch_tiles,START,1774367654.585684
EMIT_L1B_RAD_001_20230422T091058_2311206_018,stitch_tiles,END,1774367654.5997877
EMIT_L1B_RAD_001_20230422T091058_2311206_018,create_out_dir,START,1774367654.5997984
EMIT_L1B_RAD_001_20230422T091058_2311206_018,create_out_dir,END,1774367654.6003442
EMIT_L1B_RAD_001_20230422T091058_2311206_018,save_inference,START,1774367654.6003473
EMIT_L1B_RAD_001_20230422T091058_2311206_018,save_inference,END,1774367654.6487951
EMIT_L1B_RAD_001_20230612T162103_2316311_006,load_scene,START,1774367654.648816
EMIT_L1B_RAD_001_20230612T162103_2316311_006,load_scene,END,1774367666.717838
EMIT_L1B_RAD_001_20230612T162103_2316311_006,tile_image,START,1774367666.71822
EMIT_L1B_RAD_001_20230612T162103_2316311_006,tile_image,END,1774367668.263778
EMIT_L1B_RAD_001_20230612T162103_2316311_006,mag1c_prep,START,1774367668.2637863
EMIT_L1B_RAD_001_20230612T162103_2316311_006,mag1c_prep,END,1774367673.5674248
EMIT_L1B_RAD_001_20230612T162103_2316311_006,mag1c_compute,START,1774367673.5674288
EMIT_L1B_RAD_001_20230612T162103_2316311_006,mag1c_compute,END,1774367693.409995
EMIT_L1B_RAD_001_20230612T162103_2316311_006,mag1c_post,START,1774367693.4100063
EMIT_L1B_RAD_001_20230612T162103_2316311_006,mag1c_post,END,1774367693.4654531
EMIT_L1B_RAD_001_20230612T162103_2316311_006,normalize,START,1774367693.4654658
EMIT_L1B_RAD_001_20230612T162103_2316311_006,normalize,END,1774367693.8333495
EMIT_L1B_RAD_001_20230612T162103_2316311_006,inference_tiles,START,1774367693.8333673
EMIT_L1B_RAD_001_20230612T162103_2316311_006,inference_tiles,END,1774367700.0741293
EMIT_L1B_RAD_001_20230612T162103_2316311_006,post_tiles,START,1774367700.0741389
EMIT_L1B_RAD_001_20230612T162103_2316311_006,post_tiles,END,1774367700.3042662
EMIT_L1B_RAD_001_20230612T162103_2316311_006,stitch_tiles,START,1774367700.3042784
EMIT_L1B_RAD_001_20230612T162103_2316311_006,stitch_tiles,END,1774367700.3322322
EMIT_L1B_RAD_001_20230612T162103_2316311_006,create_out_dir,START,1774367700.3322473
EMIT_L1B_RAD_001_20230612T162103_2316311_006,create_out_dir,END,1774367700.332919
EMIT_L1B_RAD_001_20230612T162103_2316311_006,save_inference,START,1774367700.3329222
EMIT_L1B_RAD_001_20230612T162103_2316311_006,save_inference,END,1774367700.4138482
EMIT_L1B_RAD_001_20240229T023615_2406002_030,load_scene,START,1774367700.413873
EMIT_L1B_RAD_001_20240229T023615_2406002_030,load_scene,END,1774367706.0712278
EMIT_L1B_RAD_001_20240229T023615_2406002_030,tile_image,START,1774367706.0715616
EMIT_L1B_RAD_001_20240229T023615_2406002_030,tile_image,END,1774367706.7775114
EMIT_L1B_RAD_001_20240229T023615_2406002_030,mag1c_prep,START,1774367706.7775202
EMIT_L1B_RAD_001_20240229T023615_2406002_030,mag1c_prep,END,1774367709.4338117
EMIT_L1B_RAD_001_20240229T023615_2406002_030,mag1c_compute,START,1774367709.4338174
EMIT_L1B_RAD_001_20240229T023615_2406002_030,mag1c_compute,END,1774367724.234587
EMIT_L1B_RAD_001_20240229T023615_2406002_030,mag1c_post,START,1774367724.2345974
EMIT_L1B_RAD_001_20240229T023615_2406002_030,mag1c_post,END,1774367724.264713
EMIT_L1B_RAD_001_20240229T023615_2406002_030,normalize,START,1774367724.2647245
EMIT_L1B_RAD_001_20240229T023615_2406002_030,normalize,END,1774367724.4206507
EMIT_L1B_RAD_001_20240229T023615_2406002_030,inference_tiles,START,1774367724.4206688
EMIT_L1B_RAD_001_20240229T023615_2406002_030,inference_tiles,END,1774367728.2190123
EMIT_L1B_RAD_001_20240229T023615_2406002_030,post_tiles,START,1774367728.2190213
EMIT_L1B_RAD_001_20240229T023615_2406002_030,post_tiles,END,1774367728.3576171
EMIT_L1B_RAD_001_20240229T023615_2406002_030,stitch_tiles,START,1774367728.3576276
EMIT_L1B_RAD_001_20240229T023615_2406002_030,stitch_tiles,END,1774367728.372038
EMIT_L1B_RAD_001_20240229T023615_2406002_030,create_out_dir,START,1774367728.3720515
EMIT_L1B_RAD_001_20240229T023615_2406002_030,create_out_dir,END,1774367728.3727133
EMIT_L1B_RAD_001_20240229T023615_2406002_030,save_inference,START,1774367728.372717
EMIT_L1B_RAD_001_20240229T023615_2406002_030,save_inference,END,1774367728.422558
EMIT_L1B_RAD_001_20240807T094715_2422007_006,load_scene,START,1774367728.422577
EMIT_L1B_RAD_001_20240807T094715_2422007_006,load_scene,END,1774367733.9122167
EMIT_L1B_RAD_001_20240807T094715_2422007_006,tile_image,START,1774367733.912452
EMIT_L1B_RAD_001_20240807T094715_2422007_006,tile_image,END,1774367734.6738296
EMIT_L1B_RAD_001_20240807T094715_2422007_006,mag1c_prep,START,1774367734.6738377
EMIT_L1B_RAD_001_20240807T094715_2422007_006,mag1c_prep,END,1774367737.279217
EMIT_L1B_RAD_001_20240807T094715_2422007_006,mag1c_compute,START,1774367737.279223
EMIT_L1B_RAD_001_20240807T094715_2422007_006,mag1c_compute,END,1774367750.1311293
EMIT_L1B_RAD_001_20240807T094715_2422007_006,mag1c_post,START,1774367750.1311412
EMIT_L1B_RAD_001_20240807T094715_2422007_006,mag1c_post,END,1774367750.1617308
EMIT_L1B_RAD_001_20240807T094715_2422007_006,normalize,START,1774367750.1617427
EMIT_L1B_RAD_001_20240807T094715_2422007_006,normalize,END,1774367750.3285685
EMIT_L1B_RAD_001_20240807T094715_2422007_006,inference_tiles,START,1774367750.3285806
EMIT_L1B_RAD_001_20240807T094715_2422007_006,inference_tiles,END,1774367754.053488
EMIT_L1B_RAD_001_20240807T094715_2422007_006,post_tiles,START,1774367754.053498
EMIT_L1B_RAD_001_20240807T094715_2422007_006,post_tiles,END,1774367754.1962602
EMIT_L1B_RAD_001_20240807T094715_2422007_006,stitch_tiles,START,1774367754.1962707
EMIT_L1B_RAD_001_20240807T094715_2422007_006,stitch_tiles,END,1774367754.2103207
EMIT_L1B_RAD_001_20240807T094715_2422007_006,create_out_dir,START,1774367754.210335
EMIT_L1B_RAD_001_20240807T094715_2422007_006,create_out_dir,END,1774367754.211015
EMIT_L1B_RAD_001_20240807T094715_2422007_006,save_inference,START,1774367754.2110186
EMIT_L1B_RAD_001_20240807T094715_2422007_006,save_inference,END,1774367754.2593262
EMIT_L1B_RAD_001_20231025T061531_2329804_012,load_scene,START,1774367754.259347
EMIT_L1B_RAD_001_20231025T061531_2329804_012,load_scene,END,1774367759.716366
EMIT_L1B_RAD_001_20231025T061531_2329804_012,tile_image,START,1774367759.7166648
EMIT_L1B_RAD_001_20231025T061531_2329804_012,tile_image,END,1774367760.469928
EMIT_L1B_RAD_001_20231025T061531_2329804_012,mag1c_prep,START,1774367760.4699357
EMIT_L1B_RAD_001_20231025T061531_2329804_012,mag1c_prep,END,1774367762.9097764
EMIT_L1B_RAD_001_20231025T061531_2329804_012,mag1c_compute,START,1774367762.9097815
EMIT_L1B_RAD_001_20231025T061531_2329804_012,mag1c_compute,END,1774367774.7529836
EMIT_L1B_RAD_001_20231025T061531_2329804_012,mag1c_post,START,1774367774.7529922
EMIT_L1B_RAD_001_20231025T061531_2329804_012,mag1c_post,END,1774367774.780244
EMIT_L1B_RAD_001_20231025T061531_2329804_012,normalize,START,1774367774.7802567
EMIT_L1B_RAD_001_20231025T061531_2329804_012,normalize,END,1774367774.9519384
EMIT_L1B_RAD_001_20231025T061531_2329804_012,inference_tiles,START,1774367774.951956
EMIT_L1B_RAD_001_20231025T061531_2329804_012,inference_tiles,END,1774367778.6602302
EMIT_L1B_RAD_001_20231025T061531_2329804_012,post_tiles,START,1774367778.66024
EMIT_L1B_RAD_001_20231025T061531_2329804_012,post_tiles,END,1774367778.7984858
EMIT_L1B_RAD_001_20231025T061531_2329804_012,stitch_tiles,START,1774367778.7984955
EMIT_L1B_RAD_001_20231025T061531_2329804_012,stitch_tiles,END,1774367778.8123446
EMIT_L1B_RAD_001_20231025T061531_2329804_012,create_out_dir,START,1774367778.8123584
EMIT_L1B_RAD_001_20231025T061531_2329804_012,create_out_dir,END,1774367778.813037
EMIT_L1B_RAD_001_20231025T061531_2329804_012,save_inference,START,1774367778.8130398
EMIT_L1B_RAD_001_20231025T061531_2329804_012,save_inference,END,1774367778.8612943
EMIT_L1B_RAD_001_20231024T070209_2329705_005,load_scene,START,1774367778.8613198
EMIT_L1B_RAD_001_20231024T070209_2329705_005,load_scene,END,1774367784.3845913
EMIT_L1B_RAD_001_20231024T070209_2329705_005,tile_image,START,1774367784.3848383
EMIT_L1B_RAD_001_20231024T070209_2329705_005,tile_image,END,1774367785.1225362
EMIT_L1B_RAD_001_20231024T070209_2329705_005,mag1c_prep,START,1774367785.1225452
EMIT_L1B_RAD_001_20231024T070209_2329705_005,mag1c_prep,END,1774367787.7189355
EMIT_L1B_RAD_001_20231024T070209_2329705_005,mag1c_compute,START,1774367787.7189415
EMIT_L1B_RAD_001_20231024T070209_2329705_005,mag1c_compute,END,1774367800.4528425
EMIT_L1B_RAD_001_20231024T070209_2329705_005,mag1c_post,START,1774367800.452851
EMIT_L1B_RAD_001_20231024T070209_2329705_005,mag1c_post,END,1774367800.4832714
EMIT_L1B_RAD_001_20231024T070209_2329705_005,normalize,START,1774367800.4832842
EMIT_L1B_RAD_001_20231024T070209_2329705_005,normalize,END,1774367800.646533
EMIT_L1B_RAD_001_20231024T070209_2329705_005,inference_tiles,START,1774367800.6465504
EMIT_L1B_RAD_001_20231024T070209_2329705_005,inference_tiles,END,1774367804.3384097
EMIT_L1B_RAD_001_20231024T070209_2329705_005,post_tiles,START,1774367804.3384194
EMIT_L1B_RAD_001_20231024T070209_2329705_005,post_tiles,END,1774367804.4773614
EMIT_L1B_RAD_001_20231024T070209_2329705_005,stitch_tiles,START,1774367804.4773717
EMIT_L1B_RAD_001_20231024T070209_2329705_005,stitch_tiles,END,1774367804.4913514
EMIT_L1B_RAD_001_20231024T070209_2329705_005,create_out_dir,START,1774367804.4913652
EMIT_L1B_RAD_001_20231024T070209_2329705_005,create_out_dir,END,1774367804.4921062
EMIT_L1B_RAD_001_20231024T070209_2329705_005,save_inference,START,1774367804.4921331
EMIT_L1B_RAD_001_20231024T070209_2329705_005,save_inference,END,1774367804.5405245
EMIT_L1B_RAD_001_20240409T074435_2410005_007,load_scene,START,1774367804.5405512
EMIT_L1B_RAD_001_20240409T074435_2410005_007,load_scene,END,1774367810.3598785
EMIT_L1B_RAD_001_20240409T074435_2410005_007,tile_image,START,1774367810.3602717
EMIT_L1B_RAD_001_20240409T074435_2410005_007,tile_image,END,1774367811.1099322
EMIT_L1B_RAD_001_20240409T074435_2410005_007,mag1c_prep,START,1774367811.1099408
EMIT_L1B_RAD_001_20240409T074435_2410005_007,mag1c_prep,END,1774367813.558187
EMIT_L1B_RAD_001_20240409T074435_2410005_007,mag1c_compute,START,1774367813.5581927
EMIT_L1B_RAD_001_20240409T074435_2410005_007,mag1c_compute,END,1774367826.0030177
EMIT_L1B_RAD_001_20240409T074435_2410005_007,mag1c_post,START,1774367826.0030258
EMIT_L1B_RAD_001_20240409T074435_2410005_007,mag1c_post,END,1774367826.032899
EMIT_L1B_RAD_001_20240409T074435_2410005_007,normalize,START,1774367826.0329115
EMIT_L1B_RAD_001_20240409T074435_2410005_007,normalize,END,1774367826.2075443
EMIT_L1B_RAD_001_20240409T074435_2410005_007,inference_tiles,START,1774367826.2075622
EMIT_L1B_RAD_001_20240409T074435_2410005_007,inference_tiles,END,1774367829.8457696
EMIT_L1B_RAD_001_20240409T074435_2410005_007,post_tiles,START,1774367829.8457797
EMIT_L1B_RAD_001_20240409T074435_2410005_007,post_tiles,END,1774367829.9861538
EMIT_L1B_RAD_001_20240409T074435_2410005_007,stitch_tiles,START,1774367829.9861646
EMIT_L1B_RAD_001_20240409T074435_2410005_007,stitch_tiles,END,1774367830.0000448
EMIT_L1B_RAD_001_20240409T074435_2410005_007,create_out_dir,START,1774367830.0000591
EMIT_L1B_RAD_001_20240409T074435_2410005_007,create_out_dir,END,1774367830.0007513
EMIT_L1B_RAD_001_20240409T074435_2410005_007,save_inference,START,1774367830.0007546
EMIT_L1B_RAD_001_20240409T074435_2410005_007,save_inference,END,1774367830.0496616
EMIT_L1B_RAD_001_20240121T102416_2402106_004,load_scene,START,1774367830.0496807
EMIT_L1B_RAD_001_20240121T102416_2402106_004,load_scene,END,1774367835.7412214
EMIT_L1B_RAD_001_20240121T102416_2402106_004,tile_image,START,1774367835.7414052
EMIT_L1B_RAD_001_20240121T102416_2402106_004,tile_image,END,1774367836.6089835
EMIT_L1B_RAD_001_20240121T102416_2402106_004,mag1c_prep,START,1774367836.608992
EMIT_L1B_RAD_001_20240121T102416_2402106_004,mag1c_prep,END,1774367839.1691587
EMIT_L1B_RAD_001_20240121T102416_2402106_004,mag1c_compute,START,1774367839.1691651
EMIT_L1B_RAD_001_20240121T102416_2402106_004,mag1c_compute,END,1774367852.2599654
EMIT_L1B_RAD_001_20240121T102416_2402106_004,mag1c_post,START,1774367852.2599742
EMIT_L1B_RAD_001_20240121T102416_2402106_004,mag1c_post,END,1774367852.2897437
EMIT_L1B_RAD_001_20240121T102416_2402106_004,normalize,START,1774367852.2897546
EMIT_L1B_RAD_001_20240121T102416_2402106_004,normalize,END,1774367852.4641182
EMIT_L1B_RAD_001_20240121T102416_2402106_004,inference_tiles,START,1774367852.4641373
EMIT_L1B_RAD_001_20240121T102416_2402106_004,inference_tiles,END,1774367856.1779099
EMIT_L1B_RAD_001_20240121T102416_2402106_004,post_tiles,START,1774367856.1779196
EMIT_L1B_RAD_001_20240121T102416_2402106_004,post_tiles,END,1774367856.31691
EMIT_L1B_RAD_001_20240121T102416_2402106_004,stitch_tiles,START,1774367856.3169196
EMIT_L1B_RAD_001_20240121T102416_2402106_004,stitch_tiles,END,1774367856.3306172
EMIT_L1B_RAD_001_20240121T102416_2402106_004,create_out_dir,START,1774367856.330632
EMIT_L1B_RAD_001_20240121T102416_2402106_004,create_out_dir,END,1774367856.331301
EMIT_L1B_RAD_001_20240121T102416_2402106_004,save_inference,START,1774367856.331304
EMIT_L1B_RAD_001_20240121T102416_2402106_004,save_inference,END,1774367856.3798816
