METHOD,CHANNEL_N,SELECT_STRATEGY,RUNTIME_original (s),AUPRC_all,AUPRC_strong,Recall_all_seg,Precision_all_seg,F1-score_all_seg,Recall_strong_seg,Precision_strong_seg,F1-score_strong_seg
ACE,10.000,SELECT-EVENLY-SPACED,0.396,0.014507301385303966,0.09395572040011568,0.6771843767889123,0.004219112998750057,0.0083859782037538,0.66998718664783,0.042790852270795814,0.08044390023763463
CEM,10.000,SELECT-EVENLY-SPACED,0.061,0.031,0.138,0.503,0.017,0.033,0.494,0.136,0.213
Mag1c (tile-wise),10.000,SELECT-EVENLY-SPACED,9.305,0.030,0.165,0.277,0.067,0.107,0.254,0.350,0.295
Mag1c-SAS,10.000,SELECT-EVENLY-SPACED,0.289,0.032,0.168,0.373,0.058,0.100,0.351,0.332,0.341
MF,10.000,SELECT-EVENLY-SPACED,0.141,0.028264248894813725,0.13059341835807853,0.6056909074676092,0.016414481418583295,0.03196275847676583,0.5922397082498275,0.12437556923246763,0.2055779527738654
ACE,25.000,SELECT-HIGHEST-VARIANCE,0.861,0.06254183706466268,0.15638771805912402,0.45309833043606135,0.01209903555790348,0.02356871819108162,0.4194434405493314,0.11670207359033519,0.18259938011239216
CEM,25.000,SELECT-HIGHEST-VARIANCE,0.147,0.056,0.180,0.436,0.064,0.112,0.409,0.311,0.353
Mag1c (tile-wise),25.000,SELECT-HIGHEST-VARIANCE,20.412,0.094,0.288,0.319,0.166,0.218,0.299,0.627,0.405
Mag1c-SAS,25.000,SELECT-HIGHEST-VARIANCE,0.489,0.087,0.276,0.370,0.151,0.214,0.347,0.610,0.442
MF,25.000,SELECT-HIGHEST-VARIANCE,0.318,0.05251976348324335,0.17621575352140878,0.44894411503657916,0.06511492212839408,0.11373386703529977,0.41957485954594737,0.3089805813497728,0.3558836479564822
ACE,35.000,SELECT-HIGHEST-VARIANCE,1.226,0.0865448535880595,0.1820080880652481,0.41870919967018366,0.02416050678697928,0.045684887960972496,0.3728619771988041,0.21029147441955268,0.26891616511065825
CEM,35.000,SELECT-HIGHEST-VARIANCE,0.249,0.066,0.201,0.425,0.079,0.134,0.387,0.371,0.379
Mag1c (tile-wise),35.000,SELECT-HIGHEST-VARIANCE,29.327,0.127,0.343,0.385,0.187,0.252,0.356,0.669,0.465
Mag1c-SAS,35.000,SELECT-HIGHEST-VARIANCE,0.630,0.116,0.332,0.451,0.164,0.241,0.419,0.642,0.507
MF,35.000,SELECT-HIGHEST-VARIANCE,0.482,0.07354463710333778,0.22054619872233638,0.4564490123891203,0.08898271680271601,0.14893183154005785,0.4172487433058449,0.3992919530400116,0.40807290160468357
ACE,50.000,SELECT-HIGHEST-VARIANCE,1.891,0.1054746341514588,0.1993526148494657,0.3707282743987942,0.05445910436799203,0.09496768152529479,0.32002496960935706,0.39952584863250806,0.35538350961556003
CEM,50.000,SELECT-HIGHEST-VARIANCE,0.475,0.072,0.209,0.407,0.093,0.151,0.361,0.404,0.382
Mag1c (tile-wise),50.000,SELECT-HIGHEST-VARIANCE,43.386,0.145,0.385,0.435,0.198,0.272,0.404,0.689,0.509
Mag1c-SAS,50.000,SELECT-HIGHEST-VARIANCE,0.868,0.132,0.370,0.509,0.168,0.252,0.474,0.632,0.542
MF,50.000,SELECT-HIGHEST-VARIANCE,0.785,0.0931119188814243,0.24931274165430511,0.4539701379661676,0.11730571410735563,0.1864363460287915,0.41101291191641753,0.46632819664064773,0.43692677372711464
ACE,72.000,SELECT-HIGHEST-VARIANCE,2.831,0.11944439390997408,0.21237026907253923,0.3149115850616305,0.14124824800065958,0.19502247432203004,0.26463186253572957,0.6669702891590209,0.37892052858628106
CEM,72.000,SELECT-HIGHEST-VARIANCE,0.679,0.081,0.219,0.398,0.112,0.174,0.350,0.443,0.391
Mag1c (tile-wise),72.000,SELECT-HIGHEST-VARIANCE,60.915,0.152,0.396,0.445,0.205,0.280,0.411,0.703,0.518
Mag1c-SAS,72.000,SELECT-HIGHEST-VARIANCE,1.181,0.131,0.373,0.530,0.168,0.255,0.495,0.623,0.551
MF,72.000,SELECT-HIGHEST-VARIANCE,1.109,0.10490294336388625,0.26074739663979724,0.44071446202647985,0.1440939608839741,0.2171798146688769,0.396615960837139,0.518227556837695,0.44933874792021056
ACE,90.000,SELECT-HIGHEST-VARIANCE,3.705,0.12183708648792083,0.21132576695510477,0.2779017798528431,0.2305614256770005,0.2520277961677867,0.22895160495449618,0.7757542023822777,0.3535565702688991
CEM,90.000,SELECT-HIGHEST-VARIANCE,0.879,0.078,0.213,0.385,0.118,0.181,0.335,0.449,0.384
Mag1c (tile-wise),90.000,SELECT-HIGHEST-VARIANCE,76.479,0.148,0.389,0.442,0.212,0.286,0.404,0.704,0.513
Mag1c-SAS,90.000,SELECT-HIGHEST-VARIANCE,1.487,0.128,0.372,0.536,0.171,0.260,0.500,0.620,0.554
MF,90.000,SELECT-HIGHEST-VARIANCE,1.407,0.10592094326888832,0.25531192508956,0.4241973856277802,0.15725797815899273,0.2294532903427411,0.37587147222130957,0.5300260370819937,0.43983268488474014
ACE,100.000,SELECT-HIGHEST-VARIANCE,4.279,0.12229147755124346,0.21123008329259912,0.2645148075983803,0.2891008862561418,0.27626191292423724,0.21601340473765482,0.8228991964755062,0.34219867384221425
CEM,100.000,SELECT-HIGHEST-VARIANCE,1.085,0.078,0.201,0.367,0.120,0.181,0.311,0.452,0.369
Mag1c (tile-wise),100.000,SELECT-HIGHEST-VARIANCE,88.405,0.147,0.384,0.441,0.216,0.290,0.401,0.703,0.511
Mag1c-SAS,100.000,SELECT-HIGHEST-VARIANCE,1.696,0.125,0.365,0.538,0.173,0.262,0.500,0.612,0.551
MF,100.000,SELECT-HIGHEST-VARIANCE,1.677,0.1072728464483402,0.24963344299036289,0.4141505916211944,0.16827922341201929,0.23931789937528739,0.3626507211617439,0.53763126619518,0.43313621541443814
ACE,110.000,SELECT-HIGHEST-VARIANCE,4.704,0.12564146096046602,0.2149964984739866,0.25568644339290686,0.341937069813176,0.2925877958706568,0.2056838716036403,0.8575655461494206,0.33178932194227445
CEM,110.000,SELECT-HIGHEST-VARIANCE,1.105,0.082,0.206,0.368,0.129,0.191,0.311,0.474,0.375
Mag1c (tile-wise),110.000,SELECT-HIGHEST-VARIANCE,94.168,0.157,0.394,0.455,0.220,0.297,0.414,0.708,0.523
Mag1c-SAS,110.000,SELECT-HIGHEST-VARIANCE,1.845,0.129,0.365,0.540,0.174,0.263,0.500,0.613,0.551
MF,110.000,SELECT-HIGHEST-VARIANCE,1.750,0.11161826027031879,0.2532215975064444,0.4157944214821778,0.18231369903075828,0.25348266113411,0.3628084239576831,0.5551042567309432,0.4388140718693746
ACE,125.000,SELECT-HIGHEST-VARIANCE,5.648,0.1288840507367595,0.21739618073320638,0.24001491526135846,0.4184383526524932,0.3050526154185037,0.18975588921378586,0.9004396495276106,0.3134551927752692
CEM,125.000,SELECT-HIGHEST-VARIANCE,1.358,0.084,0.207,0.363,0.143,0.205,0.303,0.504,0.378
Mag1c (tile-wise),125.000,SELECT-HIGHEST-VARIANCE,111.014,0.171,0.404,0.463,0.230,0.307,0.420,0.715,0.529
Mag1c-SAS,125.000,SELECT-HIGHEST-VARIANCE,2.203,0.140,0.372,0.546,0.181,0.272,0.506,0.619,0.557
MF,125.000,SELECT-HIGHEST-VARIANCE,2.094,0.11396453364636382,0.25201502179600244,0.412737843274215,0.19274859710395165,0.2627792629447769,0.35745309984558266,0.5687416359986618,0.43899722797206187
