METHOD,THRESHOLD,WHOLE_IMAGE,MAG1C,SAMPLED,SPED_UP,PRECISION,WAVELENGTH_RANGE,CHANNEL_N,SELECT_STRATEGY,AUPRC_all,BEST_THRESHOLD_all,BEST_F1-SCORE_all,AUPRC_strong,BEST_THRESHOLD_strong,BEST_F1-SCORE_strong,AUPRC_weak,BEST_THRESHOLD_weak,BEST_F1-SCORE_weak,TN_all_seg,FP_all_seg,FN_all_seg,TP_all_seg,Recall_all_seg,Precision_all_seg,F1-score_all_seg,Iou_all_seg,TN_all_tile_clas,FP_all_tile_clas,FN_all_tile_clas,TP_all_tile_clas,FPR_all_tile_clas,TN_strong_seg,FP_strong_seg,FN_strong_seg,TP_strong_seg,Recall_strong_seg,Precision_strong_seg,F1-score_strong_seg,Iou_strong_seg,TN_weak_seg,FP_weak_seg,FN_weak_seg,TP_weak_seg,Recall_weak_seg,Precision_weak_seg,F1-score_weak_seg,Iou_weak_seg
CEM,0.004,True,-,-,True,float64,200-2600,125,SELECT-HIGHEST-VARIANCE,0.08398414679233256,0.011351402848958969,0.17248979441820772,0.20735568001647908,0.007576419040560722,0.2617953523139833,0.1478318610843148,0.013245118781924248,0.25482043861106723,79024423,413603,121335,69074,0.36276646587083594,0.14310605228755463,0.20524568925813347,0.1143586551260571,0,175,0,167,1.0,6167135,45270,106097,46088,0.3028419358018202,0.504476893101863,0.3784793650402598,0.23341014408346206,29287110,156187,15238,22986,0.6013499372122227,0.1282894186065981,0.2114656595997185,0.11823405054240758
MF,0.004,True,-,-,True,float64,200-2600,125,SELECT-HIGHEST-VARIANCE,0.11396453364636382,0.011313842609524727,0.17256343760252196,0.25201502179600244,0.007469587959349155,0.2620120512081086,0.14828433426722967,0.013223724439740181,0.2560277274978704,79030962,407064,121441,68968,0.412737843274215,0.19274859710395165,0.2627792629447769,0.11543283127438395,0,175,0,167,1.0,6167500,44905,106251,45934,0.35745309984558266,0.5687416359986618,0.43899722797206187,0.2330610381044193,29288334,154963,15190,23034,0.6026056927584763,0.1294066753934055,0.2130597860522336,0.11923162531640327
ACE,0.03,True,-,-,True,float64,200-2600,125,SELECT-HIGHEST-VARIANCE,0.1288840507367595,0.09208373725414276,0.13339976843512785,0.21739618073320638,0.04738985374569893,0.18312031086234096,0.1910260924100633,0.10335123538970947,0.26377777377477835,79372229,65797,157094,33315,0.24001491526135846,0.4184383526524932,0.3050526154185037,0.1300320835577621,0,175,1,166,1.0,6208511,3894,132869,19316,0.18975588921378586,0.9004396495276106,0.3134551927752692,0.12375784058073155,29420456,22841,24225,13999,0.36623587275010466,0.3799945711183496,0.37298838324629646,0.22924752313108981
MAG1C_TILE,300.0,True,GENERATED,0.01,True,float64,200-2600,125,SELECT-HIGHEST-VARIANCE,0.17071380295708544,1036.4005126953125,0.2696883633691149,0.4044662136721723,678.5115966796875,0.43200740735821763,0.14979359609329618,1145.7493896484375,0.25879212041369726,79143146,294880,102258,88151,0.4629560577493711,0.23014064135801018,0.3074462890625,0.18164640039234353,0,175,0,167,1.0,6186992,25413,88329,63856,0.41959457239543974,0.7153211081114385,0.5289289057128893,0.35955359857656055,29333147,110150,13929,24295,0.6355954374215153,0.18070586485179813,0.28140546363273083,0.16374162589132868
MAG1C_TILE_SAMPLED-0.01,300.0,True,GENERATED,0.01,True,float64,200-2600,125,SELECT-HIGHEST-VARIANCE,0.14021855876387143,1142.360595703125,0.2494891697994272,0.3720794979848563,746.2877807617188,0.4115597487913153,0.1291000448947007,1206.1282958984375,0.24595284071047224,78967304,470722,86471,103938,0.5458670546035114,0.18086868757178157,0.27170882626272924,0.15721241327361749,0,175,0,167,1.0,6165057,47348,75249,76936,0.5055425961822781,0.6190338257539184,0.556561495140504,0.3855803300707151,29263398,179899,11222,27002,0.7064148179154458,0.13050686076916013,0.22031208567057622,0.12379253907199149
CEM,0.004,True,-,-,True,float64,2122-2488,72,SELECT-ALL,0.0863267284843276,0.012876056134700775,0.1709146329954602,0.22785201424729556,0.008381552994251251,0.2796385163584214,0.11949680872050784,0.014614535495638847,0.2191341848239906,78848594,589432,114403,76006,0.39917230803165815,0.11421950655057271,0.17761585890936116,0.09746345729449978,0,175,0,167,1.0,6145479,66926,98683,53502,0.35155895784735686,0.44426545321685984,0.39251246272188045,0.244177608609335,29222087,221210,15720,22504,0.5887400586019255,0.09233774013803064,0.15963793458136186,0.08674267829197407
MF,0.004,True,-,-,True,float64,2122-2488,72,SELECT-ALL,0.10583049232482687,0.01281452551484108,0.1699566522689336,0.26479921352629304,0.008444233797490597,0.2791789695465052,0.12084762388685788,0.014585376717150211,0.21966293823691008,78852762,585264,114576,75833,0.44086676575161887,0.14816743299414883,0.2217939030125607,0.09776413514457767,0,175,0,167,1.0,6145223,67182,98853,53332,0.39651082563984624,0.5271235892239421,0.45258211736999415,0.24311769773940475,29223261,220036,15723,22501,0.5886615738802846,0.0927734737380276,0.16028579467946047,0.08712537752652366
ACE,0.03,True,-,-,True,float64,2122-2488,72,SELECT-ALL,0.11835288641913672,0.15286263823509216,0.12520399110611596,0.21306474717854182,0.08203165978193283,0.18439840380566716,0.1549090132530617,0.17531444132328033,0.2257068542471733,79050694,387332,142086,48323,0.3156100814562337,0.13698583298191228,0.19104949261171447,0.08364128562798902,0,175,0,167,1.0,6185507,26898,121107,31078,0.263869632355357,0.648080305989058,0.3750396921755048,0.17353964362893184,29305251,138046,20979,17245,0.4511563415655086,0.11104957788925308,0.1782290778492623,0.09783287002893289
MAG1C_TILE,300.0,True,GENERATED,0.01,True,float64,2122-2488,72,SELECT-ALL,0.12488609905962564,1103.553955078125,0.23295695680206074,0.3830484874353628,701.86376953125,0.4181745902715474,0.1095679102717773,1203.91796875,0.22290407850032729,79156024,282002,107181,83228,0.43710118744387083,0.22787832324836405,0.2995758037142821,0.17617710002518994,0,175,0,167,1.0,6188772,23633,90774,61411,0.40352860005913854,0.7221085555712338,0.5177360272142107,0.349287331217509,29344373,98924,16407,21817,0.57076705734617,0.18069255679512344,0.2744880948636492,0.15907632630443025
MAG1C_TILE_SAMPLED-0.01,300.0,True,GENERATED,0.01,True,float64,2122-2488,72,SELECT-ALL,0.1118851206073205,1163.9891357421875,0.2227531665938976,0.3592673892716081,722.2697143554688,0.40616485955539317,0.10009481958691457,1291.9410400390625,0.21486361529972983,79021414,416612,89882,100527,0.5279529854156053,0.19439067639454768,0.28415598659030905,0.16560712067622044,0,175,0,167,1.0,6172408,39997,76807,75378,0.4953050563458948,0.6533304442036837,0.5634474510390193,0.39222195627061845,29290574,152723,13075,25149,0.6579374215152783,0.14138818925969238,0.23275766326077302,0.13170670395450046
CEM,0.004,True,-,-,True,float64,200-2600,110,SELECT-HIGHEST-VARIANCE,0.08243392531260547,0.01173426117748022,0.16935037249665377,0.20594100806618237,0.007682408671826124,0.2608601602315389,0.139210915939838,0.013618912547826767,0.24432693755506857,78966292,471734,120398,70011,0.36768745174860434,0.12923238793159142,0.19124665029488333,0.1057339577704514,0,175,0,167,1.0,6159939,52466,104888,47297,0.310786214147255,0.47409360183635213,0.3754504897836062,0.23111052474700833,29262923,180374,15510,22714,0.5942339891167853,0.11184314188923028,0.1882542103169341,0.10390762953000485
MF,0.004,True,-,-,True,float64,200-2600,110,SELECT-HIGHEST-VARIANCE,0.11161826027031879,0.011649074032902718,0.16916177454062756,0.2532215975064444,0.007579975761473179,0.2606446724482219,0.13997107912821877,0.01352803036570549,0.24581325296319315,78972510,465516,120789,69620,0.4157944214821778,0.18231369903075828,0.25348266113411,0.10614018371002783,0,175,0,167,1.0,6160944,51461,105331,46854,0.3628084239576831,0.5551042567309432,0.4388140718693746,0.2300757196311246,29263921,179376,15458,22766,0.59559439095856,0.11262379911151567,0.18942778928800244,0.10462316176470589
ACE,0.03,True,-,-,True,float64,200-2600,110,SELECT-HIGHEST-VARIANCE,0.12564146096046602,0.10231262445449829,0.12837114486391804,0.2149964984739866,0.05308659374713898,0.17986574984270456,0.17867765086697546,0.11665207892656326,0.250546066487395,79336498,101528,154338,36071,0.25568644339290686,0.341937069813176,0.2925877958706568,0.12355747986723163,0,175,0,167,1.0,6206230,6175,130707,21478,0.2056838716036403,0.8575655461494206,0.33178932194227445,0.13562768375852488,29407238,36059,23631,14593,0.3817758476349937,0.2881031351180605,0.32839011656690226,0.19645140880147544
MAG1C_TILE,300.0,True,GENERATED,0.01,True,float64,200-2600,110,SELECT-HIGHEST-VARIANCE,0.15673998861633726,1084.1087646484375,0.2579419666498566,0.39438765231996914,673.9697875976562,0.42497499283180296,0.13809785270583047,1161.3780517578125,0.24942772559423454,79131240,306786,103691,86718,0.455430152986466,0.22037387167601855,0.2970237004485257,0.17441446514948863,0,175,0,167,1.0,6186472,25933,89190,62995,0.41393698459112266,0.7083820618927672,0.5225350769141439,0.3536700389629347,29331852,111445,14501,23723,0.6206310171619924,0.1755075165719697,0.27363430838793024,0.15850309683367966
MAG1C_TILE_SAMPLED-0.01,300.0,True,GENERATED,0.01,True,float64,200-2600,110,SELECT-HIGHEST-VARIANCE,0.12856130206532373,1151.0518798828125,0.23806435594966105,0.364710377625349,729.6110229492188,0.40727985734786654,0.1166000114686968,1268.4246826171875,0.23406026297688282,78950299,487727,87621,102788,0.5398274241238596,0.17406501104967698,0.2632471277614723,0.15157431547654157,0,175,0,167,1.0,6164249,48156,76033,76152,0.5003909715149325,0.6126073945361521,0.5508421551359347,0.38011190919482285,29257450,185847,11588,26636,0.6968396818752616,0.12535591082580724,0.21248708651932335,0.11887303577883795
CEM,0.004,True,-,-,True,float64,200-2600,10,SELECT-EVENLY-SPACED,0.030945494464916384,0.023086370900273323,0.09885008675136953,0.1380691903336832,0.014051182195544243,0.1995928897371722,0.03298814156741062,0.025074943900108337,0.11013055936526658,73903453,5534573,94554,95855,0.5034163301104465,0.01702446066267076,0.0329351259964847,0.01674328408368795,0,175,0,167,1.0,5735833,476572,77053,75132,0.49368860268751846,0.1361817206328031,0.21347684080870707,0.11949290425394866,27344411,2098886,17501,20723,0.5421462955211386,0.009776803174547759,0.019207232441064717,0.009696739989986478
MF,0.004,True,-,-,True,float64,200-2600,10,SELECT-EVENLY-SPACED,0.028264248894813725,0.023061953485012054,0.10026173408517021,0.13059341835807853,0.01391578745096922,0.20142354673333862,0.03453024000520905,0.02548690140247345,0.11332815968272807,74580045,4857981,96276,94133,0.6056909074676092,0.016414481418583295,0.03196275847676583,0.018646142631611268,0,175,0,167,1.0,5776033,436372,78966,73219,0.5922397082498275,0.12437556923246763,0.2055779527738654,0.12440426330839664,27561131,1882166,17310,20914,0.5471431561322729,0.010989553775984194,0.021546342046377075,0.010890496201292446
ACE,0.03,True,-,-,True,float64,200-2600,10,SELECT-EVENLY-SPACED,0.014507301385303966,0.6349692344665527,0.0182132008171396,0.09395572040011568,0.39260655641555786,0.0797910632235702,0.003392325854241999,0.6904056072235107,0.01885908859385972,49223917,30214109,80443,109966,0.6771843767889123,0.004219112998750057,0.0083859782037538,0.0036167651136584373,0,175,0,167,1.0,3909637,2302768,66094,86091,0.66998718664783,0.042790852270795814,0.08044390023763463,0.03506828847639853,18160408,11282889,14349,23875,0.6246075763917958,0.0021115679074932493,0.004208907052171408,0.0021088915904293156
MAG1C_TILE,300.0,True,GENERATED,0.01,True,float64,200-2600,10,SELECT-EVENLY-SPACED,0.03028413005518588,2349.697509765625,0.09752341789206383,0.16470141089852908,1173.4976806640625,0.2402625832934411,0.027917183944602835,2690.03466796875,0.09260573370482567,78698018,740008,137589,52820,0.27740285385669794,0.06662226863834274,0.10744103405384459,0.05677024387989471,0,175,0,167,1.0,6140411,71994,113461,38724,0.25445346124782336,0.3497534276269441,0.29458773768271945,0.17273696465770658,29173656,269641,24128,14096,0.36877354541649227,0.04967980911900809,0.08756340053608977,0.04578630243775681
MAG1C_TILE_SAMPLED-0.01,300.0,True,GENERATED,0.01,True,float64,200-2600,10,SELECT-EVENLY-SPACED,0.03198139429057649,2328.09521484375,0.09994193888564824,0.16756887098146273,1231.1551513671875,0.24829714645902098,0.028924768930531787,2722.975341796875,0.09482365761766988,78284829,1153197,119344,71065,0.3732229043795199,0.0580472153836352,0.1004685895165731,0.052891249369234734,0,175,0,167,1.0,6104679,107726,98736,53449,0.35121069750632455,0.33162090894989915,0.34113479703854993,0.2056434702648214,29013968,429329,20608,17616,0.46086228547509417,0.039414245600689124,0.07261799496670233,0.03767701201788888
CEM,0.004,True,-,-,True,float64,200-2600,25,SELECT-EVENLY-SPACED,0.041545639875243304,0.018260370939970016,0.11466265386926026,0.1593080615517955,0.011797459796071053,0.22072315880840965,0.05115882124616151,0.021368147805333138,0.13969216085722458,77130105,2307921,107473,82936,0.4355676464872984,0.034688816604255296,0.06425994066477458,0.03319657531230862,0,175,0,167,1.0,6009884,202521,91060,61125,0.4016493084075303,0.23184497394233175,0.2939896255930895,0.17232581349060913,28548831,894466,16413,21811,0.5706100879028883,0.02380393701904555,0.04570136647316241,0.023385047550633115
MF,0.004,True,-,-,True,float64,200-2600,25,SELECT-EVENLY-SPACED,0.041687794661711304,0.01835792139172554,0.11553305634737897,0.16345846015182383,0.011833865195512772,0.22178923261447314,0.052383514936036324,0.021014677360653877,0.14137897948880937,77312355,2125671,108170,82239,0.4978756256269399,0.03379273149714277,0.06328974485820894,0.035507840834513485,0,175,0,167,1.0,6022533,189872,91876,60309,0.45712783782895816,0.21928724081627507,0.2963928671093302,0.17631271980985624,28613193,830104,16294,21930,0.5737233151946421,0.025738409500090372,0.04926661709302248,0.02525543343068518
ACE,0.03,True,-,-,True,float64,200-2600,25,SELECT-EVENLY-SPACED,0.05001766794680876,0.35257238149642944,0.05373701623584001,0.13907788204161936,0.19667549431324005,0.12262576857502733,0.03417095776278799,0.3987770080566406,0.08248403980028678,72261235,7176791,118038,72371,0.45831867191151676,0.01134845845597869,0.02214849654783139,0.00982340645021175,0,175,0,167,1.0,5661412,550993,100284,51901,0.4190426126096527,0.10245600731323692,0.1646540617439822,0.07380919198268433,26789473,2653824,17754,20470,0.5355274173294265,0.00765435662645917,0.015092987401373926,0.007603876305325908
MAG1C_TILE,300.0,True,GENERATED,0.01,True,float64,200-2600,25,SELECT-EVENLY-SPACED,0.044366313868810965,1736.961181640625,0.1293659230416075,0.21340729453728427,985.2510375976562,0.285655721129074,0.04168588622895676,1875.8297119140625,0.12375298148318144,78830525,607501,128116,62293,0.3271536534512549,0.09300322188613215,0.14483325447597833,0.07807020841949594,0,175,0,167,1.0,6160223,52182,107518,44667,0.29350461609225614,0.46120249047486295,0.35872210220291206,0.2185626837992435,29213092,230205,20598,17626,0.461123901213897,0.07112104619680347,0.123235042212162,0.06566354604010743
MAG1C_TILE_SAMPLED-0.01,300.0,True,GENERATED,0.01,True,float64,200-2600,25,SELECT-EVENLY-SPACED,0.044440331466236625,1777.035400390625,0.1286864985538328,0.21086421299785904,999.1047973632812,0.2901909007492368,0.04107064405198877,1898.97314453125,0.12134940399202337,78525934,912092,109754,80655,0.42358817072722404,0.08124426465151746,0.13633874146773547,0.0731563962300261,0,175,0,167,1.0,6126396,86009,92599,59586,0.3915366166179321,0.4092585597032865,0.400201491033649,0.2501574346960881,29086723,356574,17155,21069,0.551198200083717,0.05579078653649081,0.10132566421476095,0.05336653174534826
CEM,0.004,True,-,-,True,float64,200-2600,100,SELECT-HIGHEST-VARIANCE,0.07766140808528083,0.012203293852508068,0.16129800369463876,0.20060367557003572,0.007970155216753483,0.25464077609612273,0.12812669770267343,0.014325861819088459,0.2307287473976591,78927080,510946,120566,69843,0.3668051405133161,0.12025537673750708,0.18112858176499422,0.09958295014650213,0,175,0,167,1.0,6154876,57529,104806,47379,0.3113250320333804,0.4516242803218058,0.3685747958909811,0.22592196992093994,29246735,196562,15760,22464,0.5876935956467141,0.10256316601681992,0.1746472303206997,0.09567861797551813
MF,0.004,True,-,-,True,float64,200-2600,100,SELECT-HIGHEST-VARIANCE,0.1072728464483402,0.012153120711445808,0.1615139059118594,0.24963344299036289,0.007761263754218817,0.2543926819178803,0.12944517351743873,0.013953328132629395,0.23185067746590912,78927650,510376,120876,69533,0.4141505916211944,0.16827922341201929,0.23931789937528739,0.09922158722004609,0,175,0,167,1.0,6155717,56688,105138,47047,0.3626507211617439,0.53763126619518,0.43313621541443814,0.22524213277924862,29244420,198877,15738,22486,0.5882691502720804,0.10157975813482831,0.17324442287171543,0.0948372212685733
ACE,0.03,True,-,-,True,float64,200-2600,100,SELECT-HIGHEST-VARIANCE,0.12229147755124346,0.11300371587276459,0.12449672254157114,0.21123008329259912,0.058846183121204376,0.17792776022397738,0.16756845194020625,0.1231859102845192,0.23853435323376082,79303808,134218,152834,37575,0.2645148075983803,0.2891008862561418,0.27626191292423724,0.11574822796625049,0,175,0,167,1.0,6203815,8590,129211,22974,0.21601340473765482,0.8228991964755062,0.34219867384221425,0.14289535064531178,29396088,47209,23623,14601,0.381985140226036,0.2362239119883514,0.29192074694603837,0.1709058560509405
MAG1C_TILE,300.0,True,GENERATED,0.01,True,float64,200-2600,100,SELECT-HIGHEST-VARIANCE,0.1471810825992352,1086.1177978515625,0.24978711944336804,0.3837233921136276,707.6990356445312,0.4143773410926154,0.12454579868993855,1134.1705322265625,0.23810969093222747,79134016,304010,106508,83901,0.44063568423761484,0.21628930347425054,0.29015423986720157,0.16969614840853608,0,175,0,167,1.0,6186667,25738,91153,61032,0.40103821007326607,0.7033767431139795,0.5108242137640978,0.3430247916233427,29335852,107445,15355,22869,0.5982890330682293,0.17549150513375386,0.27138093486335424,0.15699290858041176
MAG1C_TILE_SAMPLED-0.01,300.0,True,GENERATED,0.01,True,float64,200-2600,100,SELECT-HIGHEST-VARIANCE,0.12539150876810515,1151.0511474609375,0.23617078792964236,0.36471200646675894,744.0277709960938,0.4066538909926385,0.11079681322661307,1245.3037109375,0.2276479218209589,78949031,488995,87897,102512,0.5383779128087433,0.17330648665189086,0.26220719361159,0.15088518760560726,0,175,0,167,1.0,6164106,48299,76024,76161,0.5004501100634097,0.6119315442712518,0.5506045654177737,0.3798856766624768,29259181,184116,11873,26351,0.6893836333193805,0.12520252581164742,0.21191760055651387,0.11851668615633715
CEM,0.004,True,-,-,True,float64,2122-2488,72,SELECT-ALL,0.0863267284843276,0.012876056134700775,0.1709146329954602,0.22785201424729556,0.008381552994251251,0.2796385163584214,0.11949680872050784,0.014614535495638847,0.2191341848239906,78848594,589432,114403,76006,0.39917230803165815,0.11421950655057271,0.17761585890936116,0.09746345729449978,0,175,0,167,1.0,6145479,66926,98683,53502,0.35155895784735686,0.44426545321685984,0.39251246272188045,0.244177608609335,29222087,221210,15720,22504,0.5887400586019255,0.09233774013803064,0.15963793458136186,0.08674267829197407
MF,0.004,True,-,-,True,float64,2122-2488,72,SELECT-ALL,0.10583049232482687,0.01281452551484108,0.1699566522689336,0.26479921352629304,0.008444233797490597,0.2791789695465052,0.12084762388685788,0.014585376717150211,0.21966293823691008,78852762,585264,114576,75833,0.44086676575161887,0.14816743299414883,0.2217939030125607,0.09776413514457767,0,175,0,167,1.0,6145223,67182,98853,53332,0.39651082563984624,0.5271235892239421,0.45258211736999415,0.24311769773940475,29223261,220036,15723,22501,0.5886615738802846,0.0927734737380276,0.16028579467946047,0.08712537752652366
ACE,0.03,True,-,-,True,float64,2122-2488,72,SELECT-ALL,0.11835288641913672,0.15286263823509216,0.12520399110611596,0.21306474717854182,0.08203165978193283,0.18439840380566716,0.1549090132530617,0.17531444132328033,0.2257068542471733,79050694,387332,142086,48323,0.3156100814562337,0.13698583298191228,0.19104949261171447,0.08364128562798902,0,175,0,167,1.0,6185507,26898,121107,31078,0.263869632355357,0.648080305989058,0.3750396921755048,0.17353964362893184,29305251,138046,20979,17245,0.4511563415655086,0.11104957788925308,0.1782290778492623,0.09783287002893289
MAG1C_TILE,300.0,True,GENERATED,0.05,True,float64,2122-2488,72,SELECT-ALL,0.12488609905962564,1103.553955078125,0.23295695680206074,0.3830484874353628,701.86376953125,0.4181745902715474,0.1095679102717773,1203.91796875,0.22290407850032729,79156024,282002,107181,83228,0.43710118744387083,0.22787832324836405,0.2995758037142821,0.17617710002518994,0,175,0,167,1.0,6188772,23633,90774,61411,0.40352860005913854,0.7221085555712338,0.5177360272142107,0.349287331217509,29344373,98924,16407,21817,0.57076705734617,0.18069255679512344,0.2744880948636492,0.15907632630443025
MAG1C_TILE_SAMPLED-0.05,300.0,True,GENERATED,0.05,True,float64,2122-2488,72,SELECT-ALL,0.12335124435269021,1116.4346923828125,0.23238808764538643,0.3884526820244635,673.6858520507812,0.42492335594042585,0.10540039926856959,1194.546142578125,0.2205741573659022,79094238,343788,93592,96817,0.5084686123029899,0.21973649867795417,0.30686165441654223,0.1812383820949949,0,175,0,167,1.0,6181788,30617,79216,72969,0.4794756382035023,0.7044291699650532,0.5705807147800182,0.39916959333048874,29314485,128812,14376,23848,0.623901213897028,0.1562164286650072,0.249869030405901,0.14277161809430303
CEM,0.004,True,-,-,True,float64,200-2600,35,SELECT-HIGHEST-TRANSMITTANCE,0.05773047543385658,0.016816098242998123,0.12971035851728274,0.19382282054904504,0.01065133512020111,0.25219850301073093,0.052731824928526856,0.01910627819597721,0.1291669016368066,78127421,1310605,110153,80256,0.42149268154341446,0.05770238722632959,0.10150828131818095,0.053467855729526836,0,175,0,167,1.0,6081423,130982,91684,60501,0.39754903571311234,0.315960163565434,0.3520898076050142,0.21365837120850947,28915728,527569,18469,19755,0.516821892005023,0.03609379453486417,0.06747525395014585,0.034915596340004205
MF,0.004,True,-,-,True,float64,200-2600,35,SELECT-HIGHEST-TRANSMITTANCE,0.05135080914051168,0.016371887177228928,0.127248016282051,0.1756562535918928,0.01043736096471548,0.2471117264568868,0.05317291356435444,0.01910223811864853,0.12695100080317778,78106452,1331574,111224,79185,0.43039982353775297,0.05527579215460387,0.09796946941771452,0.05202751936125436,0,175,0,167,1.0,6075351,137054,92382,59803,0.4021355586950094,0.3030733726872945,0.3456467285866376,0.20675980763313384,28903932,539365,18842,19382,0.5070636249476769,0.034688329422797794,0.06493447755418605,0.033556733248036236
ACE,0.03,True,-,-,True,float64,200-2600,35,SELECT-HIGHEST-TRANSMITTANCE,0.06330944014970302,0.28200891613960266,0.0903011226537728,0.14978294752547897,0.1648457944393158,0.1628433400755627,0.06721181563858487,0.3219788074493408,0.11989536968180296,76231692,3206334,127249,63160,0.3618053768466827,0.020611872613355425,0.03900183032496902,0.018594282817393015,0,175,0,167,1.0,5988144,224261,106086,46099,0.3333114301672307,0.18373031396241724,0.2368838276877383,0.1224584668186141,28266551,1176746,21163,17061,0.4463426119715362,0.01429125478406476,0.02769573168207618,0.014042322032642782
MAG1C_TILE,300.0,True,GENERATED,0.01,True,float64,200-2600,35,SELECT-HIGHEST-TRANSMITTANCE,0.049836102251041375,1482.824951171875,0.13829670811419356,0.23018720651202138,839.424072265625,0.286958206963169,0.040151712764819325,1549.879150390625,0.12380972573806315,79130769,307257,136766,53643,0.28172512853909215,0.14863674147963424,0.19460230106891052,0.10778915979793677,0,175,0,167,1.0,6184400,28005,112230,39955,0.26254230048953575,0.58791936433196,0.3629880306161848,0.2217381652699928,29327250,116047,24536,13688,0.3580996232733361,0.10550738042933673,0.1629921588006597,0.08872698044350526
MAG1C_TILE_SAMPLED-0.01,300.0,True,GENERATED,0.01,True,float64,200-2600,35,SELECT-HIGHEST-TRANSMITTANCE,0.05083359814546512,1407.0679931640625,0.14023428508197208,0.22178146831548182,858.1735229492188,0.29328442679350747,0.04036909959673097,1508.709228515625,0.12580714128158174,79042670,395356,124962,65447,0.34371799652327356,0.14202815519864237,0.20100059581211646,0.11172910638225227,0,175,0,167,1.0,6173452,38953,102810,49375,0.3244406478956533,0.558996014853727,0.4105807170506376,0.25832121294562044,29292859,150438,22152,16072,0.4204688154039347,0.09652273136748543,0.15700372190256626,0.08518938630990873
CEM,0.004,True,-,-,True,float64,200-2600,90,SELECT-HIGHEST-VARIANCE,0.07846266437880499,0.012713599018752575,0.16257272330821665,0.21328424821345315,0.008162389509379864,0.26795438706270425,0.1170740230611472,0.014307265169918537,0.21784018465445534,78891930,546096,117118,73291,0.3849135282470892,0.11832828264073995,0.18101102005937297,0.09951188382970924,0,175,0,167,1.0,6149981,62424,101262,50923,0.3346124782337287,0.44926641199149514,0.383554524501755,0.23728268618743856,29235209,208088,15856,22368,0.5851820845542067,0.09705974242371646,0.16650290308173293,0.09081165351261815
MF,0.004,True,-,-,True,float64,200-2600,90,SELECT-HIGHEST-VARIANCE,0.10592094326888832,0.012439663521945477,0.1633656046395056,0.25531192508956,0.008172671310603619,0.26809315381474463,0.11937380453907813,0.014421372674405575,0.22029072376343864,78887841,550185,117140,73269,0.4241973856277802,0.15725797815899273,0.2294532903427411,0.09893274857749321,0,175,0,167,1.0,6150000,62405,101391,50794,0.37587147222130957,0.5300260370819937,0.43983268488474014,0.2367025490470199,29230850,212447,15749,22475,0.5879813729593972,0.09567005218753459,0.16456400606269178,0.08965935429307738
ACE,0.03,True,-,-,True,float64,200-2600,90,SELECT-HIGHEST-VARIANCE,0.12183708648792083,0.12413489073514938,0.12696047467159954,0.21132576695510477,0.06583922356367111,0.18167463810402054,0.16548525475459464,0.1408434957265854,0.23635991587683552,79251523,186503,149281,41128,0.2779017798528431,0.2305614256770005,0.2520277961677867,0.10911830878295199,0,175,0,167,1.0,6199931,12474,126472,25713,0.22895160495449618,0.7757542023822777,0.3535565702688991,0.15615909242738021,29377569,65728,22809,15415,0.4032806613645877,0.1899732570893361,0.25827908886040524,0.1482895951977836
MAG1C_TILE,300.0,True,GENERATED,0.01,True,float64,200-2600,90,SELECT-HIGHEST-VARIANCE,0.14761153278216602,1106.46728515625,0.25016031678572276,0.389490159415537,694.3223266601562,0.4196830058061404,0.12109278824262742,1159.48291015625,0.2333915885025917,79125140,312886,106291,84118,0.44177533624986215,0.21188199615117229,0.28640156074176093,0.1671345830973882,0,175,0,167,1.0,6186529,25876,90719,61466,0.40389000229983246,0.7037393235785762,0.5132281538198199,0.34519630913001725,29331375,111922,15572,22652,0.5926119715362076,0.16832374752924043,0.26217896040463434,0.15086648994978222
MAG1C_TILE_SAMPLED-0.01,300.0,True,GENERATED,0.01,True,float64,200-2600,90,SELECT-HIGHEST-VARIANCE,0.12763220787543764,1141.9498291015625,0.23809242234220657,0.37168972694086216,747.5066528320312,0.41108531751057725,0.1102315342624609,1215.0501708984375,0.2268520501680161,78944271,493755,88270,102139,0.5364189717922997,0.1714046457927081,0.2597955241172932,0.1492902286586257,0,175,0,167,1.0,6165731,46674,76043,76142,0.5003252620166245,0.6199680823345493,0.5537579863345952,0.38289441262402,29258034,185263,12227,25997,0.6801224361657597,0.1230568967149484,0.20840615029420723,0.11632443945285408
CEM,0.004,True,-,-,True,float64,200-2600,72,SELECT-HIGHEST-VARIANCE,0.08053800990832702,0.013273589313030243,0.16457123086949643,0.2185418736829425,0.008286046795547009,0.2720062725878563,0.11369497455961469,0.014462330378592014,0.21272849231984628,78835723,602303,114659,75750,0.3978278337683618,0.11171693068240979,0.17444632004624266,0.09555803368688755,0,175,0,167,1.0,6145408,66997,98858,53327,0.3504090416269672,0.4431950400585087,0.39137789944552287,0.24330008851091786,29214443,228854,15801,22423,0.5866209711176225,0.08923618158446654,0.15490792777917864,0.0839567467181872
MF,0.004,True,-,-,True,float64,200-2600,72,SELECT-HIGHEST-VARIANCE,0.10490294336388625,0.013035147450864315,0.16569241047562952,0.26074739663979724,0.008269957266747952,0.2733295000634381,0.11616548617021528,0.014413422904908657,0.21628213667946192,78827122,610904,114434,75975,0.44071446202647985,0.1440939608839741,0.2171798146688769,0.0948131379373603,0,175,0,167,1.0,6145058,67347,98710,53475,0.396615960837139,0.518227556837695,0.44933874792021056,0.2435863564309531,29208670,234627,15724,22500,0.5886354123064044,0.08750539616609691,0.15236108900934822,0.08246258947190958
ACE,0.03,True,-,-,True,float64,200-2600,72,SELECT-HIGHEST-VARIANCE,0.11944439390997408,0.14990581572055817,0.1223258304941518,0.21237026907253923,0.08147686719894409,0.1828505223421167,0.15474564665956236,0.1741057187318802,0.2239337380599483,79056344,381682,142365,48044,0.3149115850616305,0.14124824800065958,0.19502247432203004,0.08397964659468511,0,175,0,167,1.0,6186547,25858,121267,30918,0.26463186253572957,0.6669702891590209,0.37892052858628106,0.17365467892587746,29306009,137288,21098,17126,0.4480431142737547,0.11090963254627172,0.17780500212834438,0.09757737362687452
MAG1C_TILE,300.0,True,GENERATED,0.01,True,float64,200-2600,72,SELECT-HIGHEST-VARIANCE,0.15230777476995427,1154.2095947265625,0.24953287888737688,0.3955227707223372,726.8098754882812,0.42220614453246424,0.12428864645152204,1238.1669921875,0.23049193187427283,79109174,328852,105752,84657,0.44460608479641195,0.20472831304759992,0.28035925407091694,0.16303361893152,0,175,0,167,1.0,6185997,26408,89707,62478,0.41053980352860003,0.7029003442611885,0.5183369214878604,0.3498345399875695,29327683,115614,16045,22179,0.580237547090833,0.16095882954867083,0.25200974905832957,0.14417114107047674
MAG1C_TILE_SAMPLED-0.01,300.0,True,GENERATED,0.01,True,float64,200-2600,72,SELECT-HIGHEST-VARIANCE,0.13124337165581143,1214.1844482421875,0.23722592060687056,0.37338525876661116,772.7919311523438,0.4115551520159198,0.11581899531549675,1253.755615234375,0.22719422019138563,78938278,499748,89584,100825,0.5295180374877237,0.1678813399869791,0.2549362690933549,0.14608994764959277,0,175,0,167,1.0,6166896,45509,76925,75260,0.49452968426586064,0.623173165299042,0.5514482293719821,0.38068934818456807,29260763,182534,12659,25565,0.6688206362494767,0.12285018188458378,0.20757298344044206,0.1158055427209886
CEM,0.004,True,-,-,True,float64,200-2600,50,SELECT-HIGHEST-VARIANCE,0.07240137604719903,0.01414312981069088,0.15320506810775,0.20902887658292496,0.008783009834587574,0.26408193870148916,0.09764021298123532,0.015447787940502167,0.19509015251606254,78683574,754452,112992,77417,0.40658267203756127,0.09306393194120709,0.15145977904249136,0.08193480310860539,0,175,0,167,1.0,6131493,80912,97230,54955,0.3611065479515064,0.4044764365151214,0.3815630511157707,0.2357602199942513,29161371,281926,15762,22462,0.5876412724989535,0.07379397348121476,0.13112208562455488,0.07016086209589255
MF,0.004,True,-,-,True,float64,200-2600,50,SELECT-HIGHEST-VARIANCE,0.0931119188814243,0.013629562221467495,0.15499325720443485,0.24931274165430511,0.008570248261094093,0.2654203991014281,0.10123779557559708,0.015478093177080154,0.1980419740540029,78665055,772971,112232,78177,0.4539701379661676,0.11730571410735563,0.1864363460287915,0.08114866407855675,0,175,0,167,1.0,6130625,81780,96632,55553,0.41101291191641753,0.46632819664064773,0.43692677372711464,0.2374414976599064,29151505,291792,15600,22624,0.5918794474675596,0.07195562566790493,0.12831215970961887,0.06855425191505866
ACE,0.03,True,-,-,True,float64,200-2600,50,SELECT-HIGHEST-VARIANCE,0.1054746341514588,0.20768223702907562,0.10310166362122204,0.1993526148494657,0.10880479216575623,0.1691738484564278,0.12483572691813621,0.23819749057292938,0.19143558095655155,78212890,1225136,132414,57995,0.3707282743987942,0.05445910436799203,0.09496768152529479,0.040970085726698906,0,175,0,167,1.0,6128563,83842,113578,38607,0.32002496960935706,0.39952584863250806,0.35538350961556003,0.16357026950306533,29003632,439665,18836,19388,0.5072205943909586,0.04223477463386581,0.07797666089523546,0.04057009054403847
MAG1C_TILE,300.0,True,GENERATED,0.01,True,float64,200-2600,50,SELECT-HIGHEST-VARIANCE,0.14538949009703073,1194.2279052734375,0.2398574995266236,0.38477074496115976,756.202392578125,0.41204869700830854,0.11394797024946561,1245.1558837890625,0.21757741234352837,79101737,336289,107590,82819,0.4349531797341512,0.1976077765158384,0.27175287973920337,0.15724191092428677,0,175,0,167,1.0,6184689,27716,90752,61433,0.4036731609554161,0.6891047572042311,0.5091118532821732,0.34148225968727247,29325107,118190,16838,21386,0.5594914190037673,0.15322118415773486,0.240562429696288,0.1367268914547291
MAG1C_TILE_SAMPLED-0.01,300.0,True,GENERATED,0.01,True,float64,200-2600,50,SELECT-HIGHEST-VARIANCE,0.13181950839624765,1243.1575927734375,0.23285031554479274,0.37047185441692626,783.9722290039062,0.4060290179197448,0.11321913506345227,1328.2652587890625,0.22074612829609805,78957823,480203,93586,96823,0.5085001234185359,0.16779659842017516,0.2523288617277033,0.14438005881195087,0,175,0,167,1.0,6170501,41904,80077,72108,0.4738180503991852,0.6324597410798863,0.5417641821658395,0.3715202819325155,29265842,177455,13509,24715,0.6465832984512349,0.12224860266112678,0.20562077256503905,0.11459159213460744
