METHOD,THRESHOLD,WHOLE_IMAGE,MAG1C,SAMPLED,SPED_UP,PRECISION,WAVELENGTH_RANGE,CHANNEL_N,SELECT_STRATEGY,AUPRC_all,BEST_THRESHOLD_all,BEST_F1-SCORE_all,AUPRC_strong,BEST_THRESHOLD_strong,BEST_F1-SCORE_strong,AUPRC_weak,BEST_THRESHOLD_weak,BEST_F1-SCORE_weak,TN_all_seg,FP_all_seg,FN_all_seg,TP_all_seg,Recall_all_seg,Precision_all_seg,F1-score_all_seg,Iou_all_seg,TN_all_class_clas,FP_all_class_clas,FN_all_class_clas,TP_all_class_clas,Recall_all_class_clas,Precision_all_class_clas,F1-score_all_class_clas,Iou_all_class_clas,FPR_all_class_clas,TN_strong_seg,FP_strong_seg,FN_strong_seg,TP_strong_seg,Recall_strong_seg,Precision_strong_seg,F1-score_strong_seg,Iou_strong_seg,TN_strong_class_clas,FP_strong_class_clas,FN_strong_class_clas,TP_strong_class_clas,Recall_strong_class_clas,Precision_strong_class_clas,F1-score_strong_class_clas,Iou_strong_class_clas,FPR_strong_class_clas,TN_weak_seg,FP_weak_seg,FN_weak_seg,TP_weak_seg,Recall_weak_seg,Precision_weak_seg,F1-score_weak_seg,Iou_weak_seg,TN_weak_class_clas,FP_weak_class_clas,FN_weak_class_clas,TP_weak_class_clas,Recall_weak_class_clas,Precision_weak_class_clas,F1-score_weak_class_clas,Iou_weak_class_clas,FPR_weak_class_clas
MF,0.004,True,-,-,True,float64,200-2800,10,SELECT-EVENLY-SPACED,0.028264248894813725,0.029497433,0.09015628002373315,0.13059341835807853,0.017314736,0.1974064694081603,0.029286293089443683,0.034505967,0.09742818926791154,72525737,6910723,75080,115329,0.6056909074676092,0.016414481418583295,0.03196275847676583,0.016240931727504855,0,175,0,167,1.0,0.48830409356725146,0.656188605108055,0.48830409356725146,1.0,5577715,634530,62055,90130,0.5922397082498275,0.12437556923246763,0.2055779527738654,0.11456499494734433,0,175,0,31,1.0,0.15048543689320387,0.26160337552742613,0.15048543689320387,1.0,26873099,2569883,13025,25199,0.6592455002092926,0.009710290464809975,0.01913867966730794,0.009661796851126123,0,175,0,136,1.0,0.43729903536977494,0.6085011185682326,0.43729903536977494,1.0
ACE,0.03,True,-,-,True,float64,200-2800,10,SELECT-EVENLY-SPACED,0.014507301385303966,0.7016252,0.05132671869452627,0.09395572040011568,0.46131605,0.14449312345243173,0.009722181775179415,0.73924136,0.04349601523025011,49004002,30432458,61467,128942,0.6771843767889123,0.004219112998750057,0.0083859782037538,0.0042106442874862106,0,175,0,167,1.0,0.48830409356725146,0.656188605108055,0.48830409356725146,1.0,3931408,2280837,50223,101962,0.66998718664783,0.042790852270795814,0.08044390023763463,0.04190755365138499,0,175,0,31,1.0,0.15048543689320387,0.26160337552742613,0.15048543689320387,1.0,18040055,11402927,11244,26980,0.7058392632900795,0.002360474149089752,0.004705213081364347,0.0023581543500299927,0,175,0,136,1.0,0.43729903536977494,0.6085011185682326,0.43729903536977494,1.0
MF,0.004,True,-,-,True,float64,200-2800,25,SELECT-EVENLY-SPACED,0.041687794661711304,0.02184292,0.11495153727977765,0.16345846015182383,0.013149823,0.21945950767559105,0.0493550975391351,0.023386285,0.13413067228483436,76725923,2710537,95609,94800,0.4978756256269399,0.03379273149714277,0.06328974485820894,0.032678995058853216,0,175,0,167,1.0,0.48830409356725146,0.656188605108055,0.48830409356725146,1.0,5964567,247678,82617,69568,0.45712783782895816,0.21928724081627507,0.2963928671093302,0.17397958800889304,0,175,0,31,1.0,0.15048543689320387,0.26160337552742613,0.15048543689320387,1.0,28459138,983844,12992,25232,0.660108832147342,0.025005054128727666,0.04818485629714504,0.024687202808423705,0,175,0,136,1.0,0.43729903536977494,0.6085011185682326,0.43729903536977494,1.0
ACE,0.03,True,-,-,True,float64,200-2800,25,SELECT-EVENLY-SPACED,0.05001766794680876,0.38599828,0.09958777628502087,0.13907788204161936,0.23588678,0.18044120338310363,0.06723840366799771,0.40888292,0.12417455468876143,71833873,7602587,103141,87268,0.45831867191151676,0.01134845845597869,0.02214849654783139,0.011198260591946922,0,175,0,167,1.0,0.48830409356725146,0.656188605108055,0.48830409356725146,1.0,5653584,558661,88413,63772,0.4190426126096527,0.10245600731323692,0.1646540617439822,0.08971282106110184,0,175,0,31,1.0,0.15048543689320387,0.26160337552742613,0.15048543689320387,1.0,26653721,2789261,14728,23496,0.6146923398911679,0.008353370020943864,0.016482747517433474,0.008309858407736912,0,175,0,136,1.0,0.43729903536977494,0.6085011185682326,0.43729903536977494,1.0
MF,0.004,True,-,-,True,float64,200-2800,110,SELECT-HIGHEST-VARIANCE,0.11161826027031879,0.012002496,0.19889725284777782,0.2532215975064444,0.007843623,0.2963723080875116,0.1550527659231565,0.013716783,0.25361712481250215,79081374,355086,111238,79171,0.4157944214821778,0.18231369903075828,0.25348266113411,0.14513606907487694,0,175,0,167,1.0,0.48830409356725146,0.656188605108055,0.48830409356725146,1.0,6167993,44252,96971,55214,0.3628084239576831,0.5551042567309432,0.4388140718693746,0.2810773937700128,0,175,0,31,1.0,0.15048543689320387,0.26160337552742613,0.15048543689320387,1.0,29319270,123712,14267,23957,0.6267528254499791,0.16223445679187914,0.25775042632051776,0.1479411619405197,0,175,0,136,1.0,0.43729903536977494,0.6085011185682326,0.43729903536977494,1.0
ACE,0.03,True,-,-,True,float64,200-2800,110,SELECT-HIGHEST-VARIANCE,0.12564146096046602,0.10780555,0.18989146761285625,0.2149964984739866,0.05700689,0.25300570342938045,0.23770398705862095,0.123384275,0.3091685226016822,79342765,93695,141724,48685,0.25568644339290686,0.341937069813176,0.2925877958706568,0.1713633035789711,0,175,0,167,1.0,0.48830409356725146,0.656188605108055,0.48830409356725146,1.0,6207046,5199,120883,31302,0.2056838716036403,0.8575655461494206,0.33178932194227445,0.19888934072078482,0,175,0,31,1.0,0.15048543689320387,0.26160337552742613,0.15048543689320387,1.0,29410072,32910,20841,17383,0.4547666387609879,0.34563458135326985,0.39276071263147194,0.2443697809767481,0,175,0,136,1.0,0.43729903536977494,0.6085011185682326,0.43729903536977494,1.0
MF,0.004,True,-,-,True,float64,200-2800,35,SELECT-EVENLY-SPACED,0.06549362842575272,0.018551052,0.14453265857374142,0.21187551053904102,0.01156363,0.2599462431035831,0.07204542059025598,0.021251956,0.1614774159562377,77783781,1652679,95650,94759,0.49766029967070885,0.05422738889734571,0.09779822658858,0.05141317180731468,0,175,0,167,1.0,0.48830409356725146,0.656188605108055,0.48830409356725146,1.0,6046842,165403,82133,70052,0.46030817754706443,0.2975175723598989,0.3614281291920338,0.2205750847009333,0,175,0,31,1.0,0.15048543689320387,0.26160337552742613,0.15048543689320387,1.0,28852673,590309,13517,24707,0.6463740058601926,0.04017293859021554,0.07564447982364828,0.03930899411804949,0,175,0,136,1.0,0.43729903536977494,0.6085011185682326,0.43729903536977494,1.0
ACE,0.03,True,-,-,True,float64,200-2800,35,SELECT-EVENLY-SPACED,0.0801428780861957,0.29503307,0.1321511964088716,0.17098057690382806,0.16990127,0.2095554995466475,0.11263995477525188,0.3199162,0.17446483176491487,75871956,3564504,111461,78948,0.4146232583543845,0.02166846166767121,0.0411845917209831,0.021025254113743782,0,175,0,167,1.0,0.48830409356725146,0.656188605108055,0.48830409356725146,1.0,5962120,250125,95104,57081,0.37507638729178305,0.18580691783363606,0.2485072628762862,0.14188312495339414,0,175,0,31,1.0,0.15048543689320387,0.26160337552742613,0.15048543689320387,1.0,28125609,1317373,16357,21867,0.5720751360401842,0.016327917326244737,0.03174965008159923,0.016130900260180568,0,175,0,136,1.0,0.43729903536977494,0.6085011185682326,0.43729903536977494,1.0
MF,0.004,True,-,-,True,float64,200-2800,100,SELECT-HIGHEST-VARIANCE,0.1072728464483402,0.0124223605,0.19321472766487824,0.24963344299036289,0.008376904,0.2926519746946749,0.1455198745221678,0.013754454,0.2436126667455742,79046704,389756,111551,78858,0.4141505916211944,0.16827922341201929,0.23931789937528739,0.1359234011014108,0,175,0,167,1.0,0.48830409356725146,0.656188605108055,0.48830409356725146,1.0,6164781,47464,96995,55190,0.3626507211617439,0.53763126619518,0.43313621541443814,0.2764351436771534,0,175,0,31,1.0,0.15048543689320387,0.26160337552742613,0.15048543689320387,1.0,29307736,135246,14556,23668,0.6191921305985768,0.14893590243779656,0.24011606083048426,0.13643857727560962,0,175,0,136,1.0,0.43729903536977494,0.6085011185682326,0.43729903536977494,1.0
ACE,0.03,True,-,-,True,float64,200-2800,100,SELECT-HIGHEST-VARIANCE,0.12229147755124346,0.117434576,0.18582343080730981,0.21123008329259912,0.064064555,0.2500990901500524,0.2251099585374578,0.13492192,0.29741705798153184,79312610,123850,140043,50366,0.2645148075983803,0.2891008862561418,0.27626191292423724,0.160269077417035,0,175,0,167,1.0,0.48830409356725146,0.656188605108055,0.48830409356725146,1.0,6205170,7075,119311,32874,0.21601340473765482,0.8228991964755062,0.34219867384221425,0.20641717945497928,0,175,0,31,1.0,0.15048543689320387,0.26160337552742613,0.15048543689320387,1.0,29399766,43216,20732,17492,0.4576182503139389,0.2881333596890031,0.3536166255609914,0.21478388998035364,0,175,0,136,1.0,0.43729903536977494,0.6085011185682326,0.43729903536977494,1.0
MF,0.004,True,-,-,True,float64,200-2800,90,SELECT-HIGHEST-VARIANCE,0.10592094326888832,0.013249849,0.1920874096997219,0.25531192508956,0.008433208,0.29753605787103116,0.13741169116066324,0.013954973,0.23721287921115686,79003610,432850,109638,80771,0.4241973856277802,0.15725797815899273,0.2294532903427411,0.12959459871417822,0,175,0,167,1.0,0.48830409356725146,0.656188605108055,0.48830409356725146,1.0,6161524,50721,94983,57202,0.37587147222130957,0.5300260370819937,0.43983268488474014,0.28191379259361476,0,175,0,31,1.0,0.15048543689320387,0.26160337552742613,0.15048543689320387,1.0,29290180,152802,14655,23569,0.6166021347844286,0.13363308026829807,0.21966029031431297,0.12338111042475894,0,175,0,136,1.0,0.43729903536977494,0.6085011185682326,0.43729903536977494,1.0
ACE,0.03,True,-,-,True,float64,200-2800,90,SELECT-HIGHEST-VARIANCE,0.12183708648792083,0.12672946,0.18522661344101596,0.21132576695510477,0.070247024,0.24988702705246854,0.21976005327593487,0.14547442,0.2919069696909544,79259870,176590,137494,52915,0.2779017798528431,0.2305614256770005,0.2520277961677867,0.14418295417698687,0,175,0,167,1.0,0.48830409356725146,0.656188605108055,0.48830409356725146,1.0,6202173,10072,117342,34843,0.22895160495449618,0.7757542023822777,0.3535565702688991,0.21473957980241223,0,175,0,31,1.0,0.15048543689320387,0.26160337552742613,0.15048543689320387,1.0,29381340,61642,20152,18072,0.472791963164504,0.22671049000175628,0.30646610931167223,0.18096248973624657,0,175,0,136,1.0,0.43729903536977494,0.6085011185682326,0.43729903536977494,1.0
MF,0.004,True,-,-,True,float64,200-2800,35,SELECT-HIGHEST-VARIANCE,0.07354463710333778,0.016195076,0.1488196076200166,0.22054619872233638,0.009923027,0.26357022938493896,0.0773881221314021,0.017658008,0.16194464521874902,78546643,889817,103497,86912,0.4564490123891203,0.08898271680271601,0.14893183154005785,0.08045723765212094,0,175,0,167,1.0,0.48830409356725146,0.656188605108055,0.48830409356725146,1.0,6116715,95530,88686,63499,0.4172487433058449,0.3992919530400116,0.40807290160468357,0.25633893789233597,0,175,0,31,1.0,0.15048543689320387,0.26160337552742613,0.15048543689320387,1.0,29119668,323314,14811,23413,0.6125209292591042,0.0675257479227173,0.12164145566578605,0.06475944437375877,0,175,0,136,1.0,0.43729903536977494,0.6085011185682326,0.43729903536977494,1.0
ACE,0.03,True,-,-,True,float64,200-2800,35,SELECT-HIGHEST-VARIANCE,0.0865448535880595,0.30045605,0.14147221830924625,0.1820080880652481,0.17559151,0.220458417176406,0.13043791074996516,0.32315722,0.1945693021468255,76216338,3220122,110683,79726,0.41870919967018366,0.02416050678697928,0.045684887960972496,0.023376418510783217,0,175,0,167,1.0,0.48830409356725146,0.656188605108055,0.48830409356725146,1.0,5999154,213091,95441,56744,0.3728619771988041,0.21029147441955268,0.26891616511065825,0.1553455469288976,0,175,0,31,1.0,0.15048543689320387,0.26160337552742613,0.15048543689320387,1.0,28271459,1171523,15242,22982,0.6012452909167015,0.01923976877451329,0.037286378433540546,0.018997360605151326,0,175,0,136,1.0,0.43729903536977494,0.6085011185682326,0.43729903536977494,1.0
MF,0.004,True,-,-,True,float64,200-2800,25,SELECT-HIGHEST-VARIANCE,0.05251976348324335,0.018572118,0.11740912971135269,0.17621575352140878,0.011244473,0.2218971763930999,0.04844685503259209,0.019726314,0.117370773415377,78209141,1227319,104926,85483,0.44894411503657916,0.06511492212839408,0.11373386703529977,0.060295769005055976,0,175,0,167,1.0,0.48830409356725146,0.656188605108055,0.48830409356725146,1.0,6069441,142804,88332,63853,0.41957485954594737,0.3089805813497728,0.3558836479564822,0.21645891880714196,0,175,0,31,1.0,0.15048543689320387,0.26160337552742613,0.15048543689320387,1.0,29013913,429069,16594,21630,0.5658748430305567,0.047992118908628596,0.0884801901321885,0.046287875059117085,0,175,0,136,1.0,0.43729903536977494,0.6085011185682326,0.43729903536977494,1.0
ACE,0.03,True,-,-,True,float64,200-2800,25,SELECT-HIGHEST-VARIANCE,0.06254183706466268,0.3927444,0.11251920691659811,0.15638771805912402,0.23650268,0.19524208490603334,0.07943232649237181,0.4088396,0.13732479663283778,72392083,7044377,104135,86274,0.45309833043606135,0.01209903555790348,0.02356871819108162,0.011924886237132653,0,175,0,167,1.0,0.48830409356725146,0.656188605108055,0.48830409356725146,1.0,5729104,483141,88352,63833,0.4194434405493314,0.11670207359033519,0.18259938011239216,0.10047282812288494,0,175,0,31,1.0,0.15048543689320387,0.26160337552742613,0.15048543689320387,1.0,26835803,2607179,15783,22441,0.5870918794474675,0.008533932659471711,0.016823322503114874,0.008483017521337958,0,175,0,136,1.0,0.43729903536977494,0.6085011185682326,0.43729903536977494,1.0
MF,0.004,True,-,-,True,float64,200-2800,50,SELECT-EVENLY-SPACED,0.10102926658067767,0.015285549,0.1835323025523164,0.2669646264979205,0.0094229095,0.30586855526662854,0.11205937024878201,0.016462043,0.205945860870484,78679070,757390,97482,92927,0.48803890572399417,0.1092851254296927,0.17858110588185558,0.09804504963605153,0,175,0,167,1.0,0.48830409356725146,0.656188605108055,0.48830409356725146,1.0,6130029,82216,83576,68609,0.45082629694122284,0.4548914304657716,0.45284974093264246,0.2926992632283992,0,175,0,31,1.0,0.15048543689320387,0.26160337552742613,0.15048543689320387,1.0,29175194,267788,13906,24318,0.6361971536207618,0.08325060080929525,0.14723458359821995,0.07946747186384848,0,175,0,136,1.0,0.43729903536977494,0.6085011185682326,0.43729903536977494,1.0
ACE,0.03,True,-,-,True,float64,200-2800,50,SELECT-EVENLY-SPACED,0.10848484890010109,0.22240686,0.16791433565871927,0.20789056111348916,0.124794394,0.24504285247108137,0.16857358644320397,0.242807,0.23548351278195442,78141596,1294864,117714,72695,0.38178342410285226,0.05315675594252241,0.09332027358713402,0.048943864191970096,0,175,0,167,1.0,0.48830409356725146,0.656188605108055,0.48830409356725146,1.0,6134339,77906,101297,50888,0.3343824949896508,0.39511157352050563,0.36221924058381594,0.22116466963071132,0,175,0,31,1.0,0.15048543689320387,0.26160337552742613,0.15048543689320387,1.0,28971229,471753,16417,21807,0.570505441607367,0.044183078045222465,0.08201450212868383,0.04276075195548035,0,175,0,136,1.0,0.43729903536977494,0.6085011185682326,0.43729903536977494,1.0
MF,0.004,True,-,-,True,float64,2122-2488,72,SELECT-ALL,0.10583049232482687,0.013226587,0.18803376863043658,0.26479921352629304,0.008297006,0.3028833064717599,0.13056301936884612,0.01484153,0.22446248545365544,78953850,482610,106464,83945,0.44086676575161887,0.14816743299414883,0.2217939030125607,0.12472901953733848,0,175,0,167,1.0,0.48830409356725146,0.656188605108055,0.48830409356725146,1.0,6158112,54133,91842,60343,0.39651082563984624,0.5271235892239421,0.45258211736999415,0.29247569286247443,0,175,0,31,1.0,0.15048543689320387,0.26160337552742613,0.15048543689320387,1.0,29274594,168388,14622,23602,0.617465466722478,0.12293348611906871,0.20504400253677013,0.11423344239443982,0,175,0,136,1.0,0.43729903536977494,0.6085011185682326,0.43729903536977494,1.0
ACE,0.03,True,-,-,True,float64,2122-2488,72,SELECT-ALL,0.11835288641913672,0.16402908,0.18005263487958098,0.21306474717854182,0.085534275,0.24957859245459402,0.20543932989195204,0.17749393,0.2760842993771396,79057860,378600,130314,60095,0.3156100814562337,0.13698583298191228,0.19104949261171447,0.10561344372408872,0,175,0,167,1.0,0.48830409356725146,0.656188605108055,0.48830409356725146,1.0,6190439,21806,112028,40157,0.263869632355357,0.648080305989058,0.3750396921755048,0.23079929421636752,0,175,0,31,1.0,0.15048543689320387,0.26160337552742613,0.15048543689320387,1.0,29307762,135220,18286,19938,0.5216094600251151,0.12850126967349412,0.20620326607440198,0.11495352966951869,0,175,0,136,1.0,0.43729903536977494,0.6085011185682326,0.43729903536977494,1.0
MF,0.004,True,-,-,True,float64,200-2800,72,SELECT-HIGHEST-TRANSMITTANCE,0.10317881282666547,0.013580185,0.18647037300872688,0.257926834249149,0.008849564,0.29720236999590327,0.12419435387964503,0.01451425,0.21950257760902533,78927753,508707,107135,83274,0.4373427726630569,0.14067005528893664,0.21287081890105958,0.11911328019956631,0,175,0,167,1.0,0.48830409356725146,0.656188605108055,0.48830409356725146,1.0,6151231,61014,92126,60059,0.3946446758878996,0.4960560983869236,0.4395772493394521,0.28170394795472775,0,175,0,31,1.0,0.15048543689320387,0.26160337552742613,0.15048543689320387,1.0,29272797,170185,15009,23215,0.6073409376308079,0.12003619441571872,0.20045418436776846,0.11139154259173069,0,175,0,136,1.0,0.43729903536977494,0.6085011185682326,0.43729903536977494,1.0
ACE,0.03,True,-,-,True,float64,200-2800,72,SELECT-HIGHEST-TRANSMITTANCE,0.11402867079882023,0.1599752,0.1746761934852274,0.20837609799511464,0.08727145,0.24574352692237839,0.19484273705177274,0.17864214,0.2655190597758535,79047673,388787,131676,58733,0.3084570582272897,0.13124106185198428,0.1841364791379605,0.1014043605273517,0,175,0,167,1.0,0.48830409356725146,0.656188605108055,0.48830409356725146,1.0,6189595,22650,112577,39608,0.2602621808982488,0.6361913328407595,0.36940352447969854,0.22654502816941688,0,175,0,31,1.0,0.15048543689320387,0.26160337552742613,0.15048543689320387,1.0,29305903,137079,19099,19125,0.5003401004604437,0.12243604517169855,0.19673092352953278,0.10909682093289903,0,175,0,136,1.0,0.43729903536977494,0.6085011185682326,0.43729903536977494,1.0
MF,0.004,True,-,-,True,float64,200-2800,25,SELECT-HIGHEST-TRANSMITTANCE,0.03683146292103061,0.020508906,0.0906541293627848,0.15238419487423605,0.01206592,0.20032574341729395,0.03484418386615375,0.024335228,0.09272245356730058,77620445,1816015,111116,79293,0.41643514749828003,0.04183647196128545,0.0760342846129173,0.03951956316312006,0,175,0,167,1.0,0.48830409356725146,0.656188605108055,0.48830409356725146,1.0,6040879,171366,92624,59561,0.39137234287216216,0.2579213344476826,0.3109325732422895,0.18408535285009164,0,175,0,31,1.0,0.15048543689320387,0.26160337552742613,0.15048543689320387,1.0,28772866,670116,18492,19732,0.5162201758057765,0.028603402488664168,0.05420343042995747,0.02785667899596239,0,175,0,136,1.0,0.43729903536977494,0.6085011185682326,0.43729903536977494,1.0
ACE,0.03,True,-,-,True,float64,200-2800,25,SELECT-HIGHEST-TRANSMITTANCE,0.048437004960343644,0.3862772,0.0911181607350693,0.1313729525369518,0.22695145,0.1685734135689434,0.04794279411346553,0.40959528,0.09165662050152108,72634751,6801709,114307,76102,0.3996764858803943,0.011064857699637283,0.021533568564645698,0.010883969635523886,0,175,0,167,1.0,0.48830409356725146,0.656188605108055,0.48830409356725146,1.0,5712287,499958,94406,57779,0.37966291027368004,0.10359542221513007,0.16277562887190425,0.0885986662434466,0,175,0,31,1.0,0.15048543689320387,0.26160337552742613,0.15048543689320387,1.0,26930425,2512557,19901,18323,0.47935851820845543,0.0072397743077506635,0.014264116983975735,0.007183290137412816,0,175,0,136,1.0,0.43729903536977494,0.6085011185682326,0.43729903536977494,1.0
MF,0.004,True,-,-,True,float64,200-2800,72,SELECT-HIGHEST-VARIANCE,0.10490294336388625,0.013739611,0.19022429110775088,0.26074739663979724,0.008715891,0.3024603428626025,0.1280352683956519,0.01468072,0.22509294482014866,78938006,498454,106493,83916,0.44071446202647985,0.1440939608839741,0.2171798146688769,0.12181812639087888,0,175,0,167,1.0,0.48830409356725146,0.656188605108055,0.48830409356725146,1.0,6156132,56113,91826,60359,0.396615960837139,0.518227556837695,0.44933874792021056,0.2897723453897781,0,175,0,31,1.0,0.15048543689320387,0.26160337552742613,0.15048543689320387,1.0,29268072,174910,14667,23557,0.6162881958978652,0.11869479560833791,0.19905277344723712,0.11052671089549297,0,175,0,136,1.0,0.43729903536977494,0.6085011185682326,0.43729903536977494,1.0
ACE,0.03,True,-,-,True,float64,200-2800,72,SELECT-HIGHEST-VARIANCE,0.11944439390997408,0.16093996,0.18136475402794588,0.21237026907253923,0.08543308,0.2511350663163985,0.20614637593232474,0.18151066,0.2769401076064522,79071907,364553,130447,59962,0.3149115850616305,0.14124824800065958,0.19502247432203004,0.10804703745481672,0,175,0,167,1.0,0.48830409356725146,0.656188605108055,0.48830409356725146,1.0,6192136,20109,111912,40273,0.26463186253572957,0.6669702891590209,0.37892052858628106,0.23374580658641625,0,175,0,31,1.0,0.15048543689320387,0.26160337552742613,0.15048543689320387,1.0,29313308,129674,18535,19689,0.5150952281289243,0.13181979472827943,0.20991859777063446,0.11726762677339814,0,175,0,136,1.0,0.43729903536977494,0.6085011185682326,0.43729903536977494,1.0
MF,0.004,True,-,-,True,float64,200-2800,50,SELECT-HIGHEST-TRANSMITTANCE,0.08166071236492184,0.015835585,0.15185525314670806,0.2255484199893035,0.009500428,0.26475838456075174,0.08482847942005206,0.017164921,0.1635000819096318,78731804,704656,107149,83260,0.43726924672678286,0.10567116291584382,0.17020928628012164,0.09302117723293839,0,175,0,167,1.0,0.48830409356725146,0.656188605108055,0.48830409356725146,1.0,6129366,82879,90523,61662,0.40517790846666885,0.42660559979521384,0.4156157532538436,0.26232004900792977,0,175,0,31,1.0,0.15048543689320387,0.26160337552742613,0.15048543689320387,1.0,29198737,244245,16626,21598,0.5650376726663876,0.0812434406773923,0.14206079581144945,0.07646148780928172,0,175,0,136,1.0,0.43729903536977494,0.6085011185682326,0.43729903536977494,1.0
ACE,0.03,True,-,-,True,float64,200-2800,50,SELECT-HIGHEST-TRANSMITTANCE,0.09341280860436195,0.22336087,0.14756350506548513,0.1874172039124714,0.12320646,0.22436161400630844,0.13458520643473992,0.25070968,0.19795382380311302,78234240,1202220,125012,65397,0.34345540389372353,0.05159050407181349,0.08970621923065844,0.046959384013976445,0,175,0,167,1.0,0.48830409356725146,0.656188605108055,0.48830409356725146,1.0,6134438,77807,105791,46394,0.30485264645004434,0.3735396655421454,0.3357188859059431,0.20172005982816793,0,175,0,31,1.0,0.15048543689320387,0.26160337552742613,0.15048543689320387,1.0,29008306,434676,19221,19003,0.49714838844704895,0.04188644393943736,0.07726320026509291,0.040183971241277226,0,175,0,136,1.0,0.43729903536977494,0.6085011185682326,0.43729903536977494,1.0
MF,0.004,True,-,-,True,float64,200-2800,10,SELECT-HIGHEST-VARIANCE,0.020581711735988977,0.032440282,0.06884341069976567,0.1018948310272583,0.020005075,0.15787512046496643,0.011571684844440473,0.036013052,0.049795154802395436,73088894,6347566,109498,80911,0.4249326449905204,0.012586340434911721,0.024448525023697338,0.01237554441551092,0,175,0,167,1.0,0.48830409356725146,0.656188605108055,0.48830409356725146,1.0,5672835,539410,88319,63866,0.41966028189374777,0.1058653087475716,0.16907821846528148,0.09234595391811681,0,175,0,31,1.0,0.15048543689320387,0.26160337552742613,0.15048543689320387,1.0,27065344,2377638,21179,17045,0.44592402678945164,0.007117852342042767,0.014012044027987919,0.0070554526707237416,0,175,0,136,1.0,0.43729903536977494,0.6085011185682326,0.43729903536977494,1.0
ACE,0.03,True,-,-,True,float64,200-2800,10,SELECT-HIGHEST-VARIANCE,0.008557348935611265,0.7126062,0.037380865413180635,0.06480662306195818,0.48645785,0.10631235794664155,0.003700075813849535,0.7292665,0.022699055619205672,50035055,29401405,88018,102391,0.5377424386452321,0.003470434787442267,0.006896362438394967,0.003460112313493184,0,175,0,167,1.0,0.48830409356725146,0.656188605108055,0.48830409356725146,1.0,3940517,2271728,70853,81332,0.5344284916384663,0.034564354500097746,0.06492937816461064,0.03355400957047551,0,175,0,31,1.0,0.15048543689320387,0.26160337552742613,0.15048543689320387,1.0,18375826,11067156,17165,21059,0.5509365843449142,0.0018992236351838415,0.0037853980055972984,0.0018962881054047677,0,175,0,136,1.0,0.43729903536977494,0.6085011185682326,0.43729903536977494,1.0
MF,0.004,True,-,-,True,float64,200-2800,35,SELECT-HIGHEST-TRANSMITTANCE,0.05135080914051168,0.01929549,0.11123587090018716,0.1756562535918928,0.011214554,0.22177532847908957,0.052904829832007644,0.02110714,0.12052703152286984,78035810,1400650,108457,81952,0.43039982353775297,0.05527579215460387,0.09796946941771452,0.05150783220483967,0,175,0,167,1.0,0.48830409356725146,0.656188605108055,0.48830409356725146,1.0,6071516,140729,90986,61199,0.4021355586950094,0.3030733726872945,0.3456467285866376,0.20893163181001934,0,175,0,31,1.0,0.15048543689320387,0.26160337552742613,0.15048543689320387,1.0,28927585,515397,17471,20753,0.5429311427375471,0.038707451272964655,0.0722630202620592,0.037485933517695316,0,175,0,136,1.0,0.43729903536977494,0.6085011185682326,0.43729903536977494,1.0
ACE,0.03,True,-,-,True,float64,200-2800,35,SELECT-HIGHEST-TRANSMITTANCE,0.06330944014970302,0.29272345,0.10982320740636665,0.14978294752547897,0.17356494,0.1851483059326894,0.07883592195121622,0.32142606,0.13189303516153658,76163054,3273406,121518,68891,0.3618053768466827,0.020611872613355425,0.03900183032496902,0.01988876426714475,0,175,0,167,1.0,0.48830409356725146,0.656188605108055,0.48830409356725146,1.0,5986886,225359,101460,50725,0.3333114301672307,0.18373031396241724,0.2368838276877383,0.13435520098319667,0,175,0,31,1.0,0.15048543689320387,0.26160337552742613,0.15048543689320387,1.0,28235044,1207938,20058,18166,0.47525115110925076,0.014816035181354926,0.028736214020412425,0.014577558936960042,0,175,0,136,1.0,0.43729903536977494,0.6085011185682326,0.43729903536977494,1.0
MF,0.004,True,-,-,True,float64,200-2800,50,SELECT-HIGHEST-VARIANCE,0.0931119188814243,0.01455856,0.1762442134525212,0.24931274165430511,0.0092696,0.2928847703568754,0.1071741250286247,0.015988577,0.20037663678809137,78786022,650438,103969,86440,0.4539701379661676,0.11730571410735563,0.1864363460287915,0.10280110412476944,0,175,0,167,1.0,0.48830409356725146,0.656188605108055,0.48830409356725146,1.0,6140662,71583,89635,62550,0.41101291191641753,0.46632819664064773,0.43692677372711464,0.2795305852490079,0,175,0,31,1.0,0.15048543689320387,0.26160337552742613,0.15048543689320387,1.0,29215113,227869,14334,23890,0.625,0.09489233751325672,0.1647682795198339,0.08978064060309741,0,175,0,136,1.0,0.43729903536977494,0.6085011185682326,0.43729903536977494,1.0
ACE,0.03,True,-,-,True,float64,200-2800,50,SELECT-HIGHEST-VARIANCE,0.1054746341514588,0.22848411,0.16393275993066858,0.1993526148494657,0.1244532,0.23753914032198045,0.17411411945932204,0.24684024,0.24215062585688604,78210848,1225612,119819,70590,0.3707282743987942,0.05445910436799203,0.09496768152529479,0.04985095560023474,0,175,0,167,1.0,0.48830409356725146,0.656188605108055,0.48830409356725146,1.0,6139046,73199,103482,48703,0.32002496960935706,0.39952584863250806,0.35538350961556003,0.21608898590849396,0,175,0,31,1.0,0.15048543689320387,0.26160337552742613,0.15048543689320387,1.0,29003904,439078,16337,21887,0.5725983675177899,0.047480828262449426,0.08769023355883242,0.04585566370976866,0,175,0,136,1.0,0.43729903536977494,0.6085011185682326,0.43729903536977494,1.0
MF,0.004,True,-,-,True,float64,200-2800,125,SELECT-HIGHEST-VARIANCE,0.11396453364636382,0.012041163,0.20232097900631132,0.25201502179600244,0.008092757,0.2960190697242147,0.16362807268807883,0.013227424,0.26273823986551825,79107321,329139,111820,78589,0.412737843274215,0.19274859710395165,0.2627792629447769,0.1512641757835657,0,175,0,167,1.0,0.48830409356725146,0.656188605108055,0.48830409356725146,1.0,6170996,41249,97786,54399,0.35745309984558266,0.5687416359986618,0.43899722797206187,0.28122770557399424,0,175,0,31,1.0,0.15048543689320387,0.26160337552742613,0.15048543689320387,1.0,29328699,114283,14034,24190,0.6328484721640854,0.17469109501491265,0.2738020453092016,0.15861567010038882,0,175,0,136,1.0,0.43729903536977494,0.6085011185682326,0.43729903536977494,1.0
ACE,0.03,True,-,-,True,float64,200-2800,125,SELECT-HIGHEST-VARIANCE,0.1288840507367595,0.09556847,0.19464034923059337,0.21739618073320638,0.049759086,0.2559445148606402,0.24967332518794744,0.10857936,0.3208127742052627,79372943,63517,144708,45701,0.24001491526135846,0.4184383526524932,0.3050526154185037,0.17997763127840394,0,175,0,167,1.0,0.48830409356725146,0.656188605108055,0.48830409356725146,1.0,6209052,3193,123307,28878,0.18975588921378586,0.9004396495276106,0.3134551927752692,0.18585642755087592,0,175,0,31,1.0,0.15048543689320387,0.26160337552742613,0.15048543689320387,1.0,29420677,22305,21401,16823,0.44011615738802845,0.429947863422613,0.4349725928224222,0.27793289167176066,0,175,0,136,1.0,0.43729903536977494,0.6085011185682326,0.43729903536977494,1.0
MF,0.004,True,-,-,True,float64,200-2800,10,SELECT-HIGHEST-TRANSMITTANCE,0.008347113058671678,0.042997625,0.03580595527866062,0.06089891755548054,0.026394902,0.11162954392178533,0.004855346145460084,0.049045242,0.02546411956762042,70471161,8965299,117423,72986,0.3833117132068337,0.00807520453271832,0.015817189301108044,0.007971639112999236,0,175,0,167,1.0,0.48830409356725146,0.656188605108055,0.48830409356725146,1.0,5494302,717943,94547,57638,0.3787364063475375,0.07431589995113341,0.12425115815841495,0.06624082893551293,0,175,0,31,1.0,0.15048543689320387,0.26160337552742613,0.15048543689320387,1.0,26198445,3244537,22876,15348,0.4015278359146086,0.004708141544870448,0.009307151461640595,0.004675332745819754,0,175,0,136,1.0,0.43729903536977494,0.6085011185682326,0.43729903536977494,1.0
ACE,0.03,True,-,-,True,float64,200-2800,10,SELECT-HIGHEST-TRANSMITTANCE,0.003797796805471621,0.6286257,0.015195182872894864,0.03738125566155351,0.3923811,0.07224198257238118,0.0017104104586353603,0.63205487,0.006575795812534746,50506081,28930379,98698,91711,0.48165265297333637,0.0031600411962060624,0.006278887677497225,0.0031493309865103926,0,175,0,167,1.0,0.48830409356725146,0.656188605108055,0.48830409356725146,1.0,3910424,2301821,78577,73608,0.48367447514538225,0.03098724483030223,0.05824307034222789,0.029995036686951866,0,175,0,31,1.0,0.15048543689320387,0.26160337552742613,0.15048543689320387,1.0,18767337,10675645,20121,18103,0.4736029719547928,0.0016928582943978108,0.0033736577024241214,0.001689679050583874,0,175,0,136,1.0,0.43729903536977494,0.6085011185682326,0.43729903536977494,1.0
