Method,Channels,Min,Max,Mean,Median
Original,10,8.637972354888916,8.637972354888916,8.637972354888916,8.637972354888916
Tile-wise,10,1.296689510345459,1.296689510345459,1.296689510345459,1.296689510345459
Tile-wise and Sampled,10,0.044980525970458984,0.044980525970458984,0.044980525970458984,0.044980525970458984
ACE_optimized,10,0.10811352729797363,0.10811352729797363,0.10811352729797363,0.10811352729797363
ACE_optimized_addition,10,0.1553037166595459,0.1553037166595459,0.1553037166595459,0.1553037166595459
ACE_original,10,1.5552895069122314,1.5552895069122314,1.5552895069122314,1.5552895069122314
ACE_numpy,10,0.153120756149292,0.153120756149292,0.153120756149292,0.153120756149292
ACE_numpy_addition,10,0.14557623863220215,0.14557623863220215,0.14557623863220215,0.14557623863220215
MatchedFilterOptimized,10,0.05071520805358887,0.05071520805358887,0.05071520805358887,0.05071520805358887
MatchedFilterOptimized_addition,10,0.05042695999145508,0.05042695999145508,0.05042695999145508,0.05042695999145508
MatchedFilterOriginal,10,0.09579181671142578,0.09579181671142578,0.09579181671142578,0.09579181671142578
MatchedFilterNumpy,10,0.05071115493774414,0.05071115493774414,0.05071115493774414,0.05071115493774414
MatchedFilterNumpy_addition,10,0.049985408782958984,0.049985408782958984,0.049985408782958984,0.049985408782958984
CEM_optimized,10,0.018752098083496094,0.018752098083496094,0.018752098083496094,0.018752098083496094
CEM_original,10,0.017882108688354492,0.017882108688354492,0.017882108688354492,0.017882108688354492
CEM_numpy,10,0.018576860427856445,0.018576860427856445,0.018576860427856445,0.018576860427856445
mag1c_SAS,10,0.07204318046569824,0.07204318046569824,0.07204318046569824,0.07204318046569824
mag1c_tile,10,3.2187957763671875,3.2187957763671875,3.2187957763671875,3.2187957763671875
Morphological_Baseline,10,0.12393927574157715,0.12393927574157715,0.12393927574157715,0.12393927574157715
Original,25,7.989677906036377,7.989677906036377,7.989677906036377,7.989677906036377
Tile-wise,25,3.32472562789917,3.32472562789917,3.32472562789917,3.32472562789917
Tile-wise and Sampled,25,0.06308317184448242,0.06308317184448242,0.06308317184448242,0.06308317184448242
ACE_optimized,25,0.21160268783569336,0.21160268783569336,0.21160268783569336,0.21160268783569336
ACE_optimized_addition,25,0.22535037994384766,0.22535037994384766,0.22535037994384766,0.22535037994384766
ACE_original,25,1.5259008407592773,1.5259008407592773,1.5259008407592773,1.5259008407592773
ACE_numpy,25,0.5364353656768799,0.5364353656768799,0.5364353656768799,0.5364353656768799
ACE_numpy_addition,25,0.5454175472259521,0.5454175472259521,0.5454175472259521,0.5454175472259521
MatchedFilterOptimized,25,0.08884572982788086,0.08884572982788086,0.08884572982788086,0.08884572982788086
MatchedFilterOptimized_addition,25,0.12871575355529785,0.12871575355529785,0.12871575355529785,0.12871575355529785
MatchedFilterOriginal,25,0.20322823524475098,0.20322823524475098,0.20322823524475098,0.20322823524475098
MatchedFilterNumpy,25,0.12788128852844238,0.12788128852844238,0.12788128852844238,0.12788128852844238
MatchedFilterNumpy_addition,25,0.12763762474060059,0.12763762474060059,0.12763762474060059,0.12763762474060059
CEM_optimized,25,0.054692745208740234,0.054692745208740234,0.054692745208740234,0.054692745208740234
CEM_original,25,0.05579400062561035,0.05579400062561035,0.05579400062561035,0.05579400062561035
CEM_numpy,25,0.05435037612915039,0.05435037612915039,0.05435037612915039,0.05435037612915039
mag1c_SAS,25,0.13567352294921875,0.13567352294921875,0.13567352294921875,0.13567352294921875
mag1c_tile,25,7.246041774749756,7.246041774749756,7.246041774749756,7.246041774749756
Morphological_Baseline,25,0.117279052734375,0.117279052734375,0.117279052734375,0.117279052734375
Original,35,9.422125339508057,9.422125339508057,9.422125339508057,9.422125339508057
Tile-wise,35,4.848411321640015,4.848411321640015,4.848411321640015,4.848411321640015
Tile-wise and Sampled,35,0.0942845344543457,0.0942845344543457,0.0942845344543457,0.0942845344543457
ACE_optimized,35,0.27156782150268555,0.27156782150268555,0.27156782150268555,0.27156782150268555
ACE_optimized_addition,35,0.26788997650146484,0.26788997650146484,0.26788997650146484,0.26788997650146484
ACE_original,35,2.011052131652832,2.011052131652832,2.011052131652832,2.011052131652832
ACE_numpy,35,0.7449941635131836,0.7449941635131836,0.7449941635131836,0.7449941635131836
ACE_numpy_addition,35,0.729651689529419,0.729651689529419,0.729651689529419,0.729651689529419
MatchedFilterOptimized,35,0.08717751502990723,0.08717751502990723,0.08717751502990723,0.08717751502990723
MatchedFilterOptimized_addition,35,0.1660916805267334,0.1660916805267334,0.1660916805267334,0.1660916805267334
MatchedFilterOriginal,35,0.24837303161621094,0.24837303161621094,0.24837303161621094,0.24837303161621094
MatchedFilterNumpy,35,0.15848135948181152,0.15848135948181152,0.15848135948181152,0.15848135948181152
MatchedFilterNumpy_addition,35,0.16588282585144043,0.16588282585144043,0.16588282585144043,0.16588282585144043
CEM_optimized,35,0.0904393196105957,0.0904393196105957,0.0904393196105957,0.0904393196105957
CEM_original,35,0.09115076065063477,0.09115076065063477,0.09115076065063477,0.09115076065063477
CEM_numpy,35,0.09027862548828125,0.09027862548828125,0.09027862548828125,0.09027862548828125
mag1c_SAS,35,0.18116450309753418,0.18116450309753418,0.18116450309753418,0.18116450309753418
mag1c_tile,35,8.524513244628906,8.524513244628906,8.524513244628906,8.524513244628906
Morphological_Baseline,35,0.11525893211364746,0.11525893211364746,0.11525893211364746,0.11525893211364746
Original,50,10.618926286697388,10.618926286697388,10.618926286697388,10.618926286697388
Tile-wise,50,5.816131830215454,5.816131830215454,5.816131830215454,5.816131830215454
Tile-wise and Sampled,50,0.0952303409576416,0.0952303409576416,0.0952303409576416,0.0952303409576416
ACE_optimized,50,0.3282191753387451,0.3282191753387451,0.3282191753387451,0.3282191753387451
ACE_optimized_addition,50,0.36627936363220215,0.36627936363220215,0.36627936363220215,0.36627936363220215
ACE_original,50,2.1946489810943604,2.1946489810943604,2.1946489810943604,2.1946489810943604
ACE_numpy,50,0.9543194770812988,0.9543194770812988,0.9543194770812988,0.9543194770812988
ACE_numpy_addition,50,0.9499247074127197,0.9499247074127197,0.9499247074127197,0.9499247074127197
MatchedFilterOptimized,50,0.12802505493164062,0.12802505493164062,0.12802505493164062,0.12802505493164062
MatchedFilterOptimized_addition,50,0.1971118450164795,0.1971118450164795,0.1971118450164795,0.1971118450164795
MatchedFilterOriginal,50,0.32688212394714355,0.32688212394714355,0.32688212394714355,0.32688212394714355
MatchedFilterNumpy,50,0.1904909610748291,0.1904909610748291,0.1904909610748291,0.1904909610748291
MatchedFilterNumpy_addition,50,0.2012157440185547,0.2012157440185547,0.2012157440185547,0.2012157440185547
CEM_optimized,50,0.13856911659240723,0.13856911659240723,0.13856911659240723,0.13856911659240723
CEM_original,50,0.1367356777191162,0.1367356777191162,0.1367356777191162,0.1367356777191162
CEM_numpy,50,0.1359410285949707,0.1359410285949707,0.1359410285949707,0.1359410285949707
mag1c_SAS,50,0.23296737670898438,0.23296737670898438,0.23296737670898438,0.23296737670898438
mag1c_tile,50,12.144293308258057,12.144293308258057,12.144293308258057,12.144293308258057
Morphological_Baseline,50,0.11925649642944336,0.11925649642944336,0.11925649642944336,0.11925649642944336
Original,72,11.517903566360474,11.517903566360474,11.517903566360474,11.517903566360474
Tile-wise,72,9.233336925506592,9.233336925506592,9.233336925506592,9.233336925506592
Tile-wise and Sampled,72,0.12708425521850586,0.12708425521850586,0.12708425521850586,0.12708425521850586
ACE_optimized,72,0.6302425861358643,0.6302425861358643,0.6302425861358643,0.6302425861358643
ACE_optimized_addition,72,0.5765254497528076,0.5765254497528076,0.5765254497528076,0.5765254497528076
ACE_original,72,2.3582940101623535,2.3582940101623535,2.3582940101623535,2.3582940101623535
ACE_numpy,72,1.2831168174743652,1.2831168174743652,1.2831168174743652,1.2831168174743652
ACE_numpy_addition,72,1.2833905220031738,1.2833905220031738,1.2833905220031738,1.2833905220031738
MatchedFilterOptimized,72,0.19393491744995117,0.19393491744995117,0.19393491744995117,0.19393491744995117
MatchedFilterOptimized_addition,72,0.2588493824005127,0.2588493824005127,0.2588493824005127,0.2588493824005127
MatchedFilterOriginal,72,0.4458746910095215,0.4458746910095215,0.4458746910095215,0.4458746910095215
MatchedFilterNumpy,72,0.2549855709075928,0.2549855709075928,0.2549855709075928,0.2549855709075928
MatchedFilterNumpy_addition,72,0.2611982822418213,0.2611982822418213,0.2611982822418213,0.2611982822418213
CEM_optimized,72,0.17707371711730957,0.17707371711730957,0.17707371711730957,0.17707371711730957
CEM_original,72,0.23244786262512207,0.23244786262512207,0.23244786262512207,0.23244786262512207
CEM_numpy,72,0.1981818675994873,0.1981818675994873,0.1981818675994873,0.1981818675994873
mag1c_SAS,72,0.3186359405517578,0.3186359405517578,0.3186359405517578,0.3186359405517578
mag1c_tile,72,16.49663472175598,16.49663472175598,16.49663472175598,16.49663472175598
Morphological_Baseline,72,0.12874746322631836,0.12874746322631836,0.12874746322631836,0.12874746322631836
Original,90,14.08259630203247,14.08259630203247,14.08259630203247,14.08259630203247
Tile-wise,90,12.466166973114014,12.466166973114014,12.466166973114014,12.466166973114014
Tile-wise and Sampled,90,0.1588432788848877,0.1588432788848877,0.1588432788848877,0.1588432788848877
ACE_optimized,90,0.6065547466278076,0.6065547466278076,0.6065547466278076,0.6065547466278076
ACE_optimized_addition,90,0.6387968063354492,0.6387968063354492,0.6387968063354492,0.6387968063354492
ACE_original,90,2.0742154121398926,2.0742154121398926,2.0742154121398926,2.0742154121398926
ACE_numpy,90,1.5571603775024414,1.5571603775024414,1.5571603775024414,1.5571603775024414
ACE_numpy_addition,90,1.5603446960449219,1.5603446960449219,1.5603446960449219,1.5603446960449219
MatchedFilterOptimized,90,0.2558722496032715,0.2558722496032715,0.2558722496032715,0.2558722496032715
MatchedFilterOptimized_addition,90,0.3227548599243164,0.3227548599243164,0.3227548599243164,0.3227548599243164
MatchedFilterOriginal,90,0.5842385292053223,0.5842385292053223,0.5842385292053223,0.5842385292053223
MatchedFilterNumpy,90,0.29880714416503906,0.29880714416503906,0.29880714416503906,0.29880714416503906
MatchedFilterNumpy_addition,90,0.32724547386169434,0.32724547386169434,0.32724547386169434,0.32724547386169434
CEM_optimized,90,0.21798014640808105,0.21798014640808105,0.21798014640808105,0.21798014640808105
CEM_original,90,0.2555062770843506,0.2555062770843506,0.2555062770843506,0.2555062770843506
CEM_numpy,90,0.21095609664916992,0.21095609664916992,0.21095609664916992,0.21095609664916992
mag1c_SAS,90,0.3874936103820801,0.3874936103820801,0.3874936103820801,0.3874936103820801
mag1c_tile,90,20.5612952709198,20.5612952709198,20.5612952709198,20.5612952709198
Morphological_Baseline,90,0.1148686408996582,0.1148686408996582,0.1148686408996582,0.1148686408996582
Original,100,14.753275394439697,14.753275394439697,14.753275394439697,14.753275394439697
Tile-wise,100,13.58906602859497,13.58906602859497,13.58906602859497,13.58906602859497
Tile-wise and Sampled,100,0.1637265682220459,0.1637265682220459,0.1637265682220459,0.1637265682220459
ACE_optimized,100,0.8636314868927002,0.8636314868927002,0.8636314868927002,0.8636314868927002
ACE_optimized_addition,100,0.7729811668395996,0.7729811668395996,0.7729811668395996,0.7729811668395996
ACE_original,100,2.2348248958587646,2.2348248958587646,2.2348248958587646,2.2348248958587646
ACE_numpy,100,1.7052395343780518,1.7052395343780518,1.7052395343780518,1.7052395343780518
ACE_numpy_addition,100,1.734426736831665,1.734426736831665,1.734426736831665,1.734426736831665
MatchedFilterOptimized,100,0.28852033615112305,0.28852033615112305,0.28852033615112305,0.28852033615112305
MatchedFilterOptimized_addition,100,0.3540151119232178,0.3540151119232178,0.3540151119232178,0.3540151119232178
MatchedFilterOriginal,100,0.6104440689086914,0.6104440689086914,0.6104440689086914,0.6104440689086914
MatchedFilterNumpy,100,0.35488152503967285,0.35488152503967285,0.35488152503967285,0.35488152503967285
MatchedFilterNumpy_addition,100,0.3580000400543213,0.3580000400543213,0.3580000400543213,0.3580000400543213
CEM_optimized,100,0.23729276657104492,0.23729276657104492,0.23729276657104492,0.23729276657104492
CEM_original,100,0.25729823112487793,0.25729823112487793,0.25729823112487793,0.25729823112487793
CEM_numpy,100,0.24274015426635742,0.24274015426635742,0.24274015426635742,0.24274015426635742
mag1c_SAS,100,0.43215274810791016,0.43215274810791016,0.43215274810791016,0.43215274810791016
mag1c_tile,100,23.330845594406128,23.330845594406128,23.330845594406128,23.330845594406128
Morphological_Baseline,100,0.13557219505310059,0.13557219505310059,0.13557219505310059,0.13557219505310059
Original,110,16.258700132369995,16.258700132369995,16.258700132369995,16.258700132369995
Tile-wise,110,15.015047073364258,15.015047073364258,15.015047073364258,15.015047073364258
Tile-wise and Sampled,110,0.16415619850158691,0.16415619850158691,0.16415619850158691,0.16415619850158691
ACE_optimized,110,0.8014724254608154,0.8014724254608154,0.8014724254608154,0.8014724254608154
ACE_optimized_addition,110,0.748746395111084,0.748746395111084,0.748746395111084,0.748746395111084
ACE_original,110,2.2985715866088867,2.2985715866088867,2.2985715866088867,2.2985715866088867
ACE_numpy,110,1.8744118213653564,1.8744118213653564,1.8744118213653564,1.8744118213653564
ACE_numpy_addition,110,2.0325441360473633,2.0325441360473633,2.0325441360473633,2.0325441360473633
MatchedFilterOptimized,110,0.3319377899169922,0.3319377899169922,0.3319377899169922,0.3319377899169922
MatchedFilterOptimized_addition,110,0.3918788433074951,0.3918788433074951,0.3918788433074951,0.3918788433074951
MatchedFilterOriginal,110,0.7331905364990234,0.7331905364990234,0.7331905364990234,0.7331905364990234
MatchedFilterNumpy,110,0.376145601272583,0.376145601272583,0.376145601272583,0.376145601272583
MatchedFilterNumpy_addition,110,0.3964066505432129,0.3964066505432129,0.3964066505432129,0.3964066505432129
CEM_optimized,110,0.26754093170166016,0.26754093170166016,0.26754093170166016,0.26754093170166016
CEM_original,110,0.32190871238708496,0.32190871238708496,0.32190871238708496,0.32190871238708496
CEM_numpy,110,0.46949052810668945,0.46949052810668945,0.46949052810668945,0.46949052810668945
mag1c_SAS,110,0.4765305519104004,0.4765305519104004,0.4765305519104004,0.4765305519104004
mag1c_tile,110,25.484817266464233,25.484817266464233,25.484817266464233,25.484817266464233
Morphological_Baseline,110,0.11608314514160156,0.11608314514160156,0.11608314514160156,0.11608314514160156
Original,125,18.24532699584961,18.24532699584961,18.24532699584961,18.24532699584961
Tile-wise,125,16.51943349838257,16.51943349838257,16.51943349838257,16.51943349838257
Tile-wise and Sampled,125,0.19701766967773438,0.19701766967773438,0.19701766967773438,0.19701766967773438
ACE_optimized,125,1.0927531719207764,1.0927531719207764,1.0927531719207764,1.0927531719207764
ACE_optimized_addition,125,0.8174731731414795,0.8174731731414795,0.8174731731414795,0.8174731731414795
ACE_original,125,2.3891725540161133,2.3891725540161133,2.3891725540161133,2.3891725540161133
ACE_numpy,125,2.116365671157837,2.116365671157837,2.116365671157837,2.116365671157837
ACE_numpy_addition,125,2.151201009750366,2.151201009750366,2.151201009750366,2.151201009750366
MatchedFilterOptimized,125,0.38863158226013184,0.38863158226013184,0.38863158226013184,0.38863158226013184
MatchedFilterOptimized_addition,125,0.45796632766723633,0.45796632766723633,0.45796632766723633,0.45796632766723633
MatchedFilterOriginal,125,0.8342087268829346,0.8342087268829346,0.8342087268829346,0.8342087268829346
MatchedFilterNumpy,125,0.43566036224365234,0.43566036224365234,0.43566036224365234,0.43566036224365234
MatchedFilterNumpy_addition,125,0.4556741714477539,0.4556741714477539,0.4556741714477539,0.4556741714477539
CEM_optimized,125,0.3079233169555664,0.3079233169555664,0.3079233169555664,0.3079233169555664
CEM_original,125,0.36101555824279785,0.36101555824279785,0.36101555824279785,0.36101555824279785
CEM_numpy,125,0.3075985908508301,0.3075985908508301,0.3075985908508301,0.3075985908508301
mag1c_SAS,125,0.53598952293396,0.53598952293396,0.53598952293396,0.53598952293396
mag1c_tile,125,27.996514081954956,27.996514081954956,27.996514081954956,27.996514081954956
Morphological_Baseline,125,0.12860703468322754,0.12860703468322754,0.12860703468322754,0.12860703468322754
