METHOD,CHANNEL_N,SELECT_STRATEGY,AUPRC_all,AUPRC_strong,AUPRC_weak,Recall_all_seg,Precision_all_seg,F1-score_all_seg,Recall_strong_seg,Precision_strong_seg,F1-score_strong_seg
ACE,10.0,SELECT-EVENLY-SPACED,0.0145073013853039,0.0939557204001156,0.0097221817751794,0.6771843767889123,0.00421911299875,0.0083859782037538,0.66998718664783,0.0427908522707958,0.0804439002376346
CEM,10.0,SELECT-EVENLY-SPACED,0.031,0.138,0.033,0.503,0.017,0.033,0.494,0.136,0.213
Mag1c (tile-wise),10.0,SELECT-EVENLY-SPACED,0.03,0.165,0.028,0.277,0.067,0.107,0.254,0.35,0.295
Mag1c-SAS,10.0,SELECT-EVENLY-SPACED,0.032,0.168,0.029,0.373,0.058,0.1,0.351,0.332,0.341
MF,10.0,SELECT-EVENLY-SPACED,0.0282642488948137,0.1305934183580785,0.0292862930894436,0.6056909074676092,0.0164144814185832,0.0319627584767658,0.5922397082498275,0.1243755692324676,0.2055779527738654
ACE,10.0,SELECT-HIGHEST-TRANSMITTANCE,0.0037977968054716,0.0373812556615535,0.0017104104586353,0.4816526529733363,0.003160041196206,0.0062788876774972,0.4836744751453822,0.0309872448303022,0.0582430703422278
CEM,10.0,SELECT-HIGHEST-TRANSMITTANCE,0.013,0.079,0.005,0.363,0.009,0.018,0.36,0.08,0.131
Mag1c (tile-wise),10.0,SELECT-HIGHEST-TRANSMITTANCE,0.008,0.073,0.005,0.081,0.055,0.066,0.077,0.376,0.127
Mag1c-SAS,10.0,SELECT-HIGHEST-TRANSMITTANCE,0.008,0.067,0.005,0.115,0.042,0.062,0.11,0.336,0.166
MF,10.0,SELECT-HIGHEST-TRANSMITTANCE,0.0083471130586716,0.0608989175554805,0.00485534614546,0.3833117132068337,0.0080752045327183,0.015817189301108,0.3787364063475375,0.0743158999511334,0.1242511581584149
ACE,10.0,SELECT-HIGHEST-VARIANCE,0.0085573489356112,0.0648066230619581,0.0037000758138495,0.5377424386452321,0.0034704347874422,0.0068963624383949,0.5344284916384663,0.0345643545000977,0.0649293781646106
CEM,10.0,SELECT-HIGHEST-VARIANCE,0.026,0.115,0.005,0.494,0.01,0.019,0.506,0.082,0.141
Mag1c (tile-wise),10.0,SELECT-HIGHEST-VARIANCE,0.028,0.13,0.014,0.131,0.07,0.091,0.129,0.503,0.205
Mag1c-SAS,10.0,SELECT-HIGHEST-VARIANCE,0.034,0.144,0.017,0.192,0.054,0.085,0.188,0.397,0.255
MF,10.0,SELECT-HIGHEST-VARIANCE,0.0205817117359889,0.1018948310272583,0.0115716848444404,0.4249326449905204,0.0125863404349117,0.0244485250236973,0.4196602818937477,0.1058653087475716,0.1690782184652814
ACE,25.0,SELECT-EVENLY-SPACED,0.0500176679468087,0.1390778820416193,0.0672384036679977,0.4583186719115167,0.0113484584559786,0.0221484965478313,0.4190426126096527,0.1024560073132369,0.1646540617439822
CEM,25.0,SELECT-EVENLY-SPACED,0.042,0.159,0.051,0.436,0.035,0.064,0.402,0.232,0.294
Mag1c (tile-wise),25.0,SELECT-EVENLY-SPACED,0.044,0.213,0.042,0.327,0.093,0.145,0.294,0.461,0.359
Mag1c-SAS,25.0,SELECT-EVENLY-SPACED,0.044,0.211,0.041,0.424,0.081,0.136,0.392,0.409,0.4
MF,25.0,SELECT-EVENLY-SPACED,0.0416877946617113,0.1634584601518238,0.0493550975391351,0.4978756256269399,0.0337927314971427,0.0632897448582089,0.4571278378289581,0.219287240816275,0.2963928671093302
ACE,25.0,SELECT-HIGHEST-TRANSMITTANCE,0.0484370049603436,0.1313729525369518,0.0479427941134655,0.3996764858803943,0.0110648576996372,0.0215335685646456,0.37966291027368,0.10359542221513,0.1627756288719042
CEM,25.0,SELECT-HIGHEST-TRANSMITTANCE,0.046,0.179,0.04,0.413,0.043,0.077,0.392,0.268,0.318
Mag1c (tile-wise),25.0,SELECT-HIGHEST-TRANSMITTANCE,0.038,0.195,0.028,0.241,0.13,0.169,0.225,0.565,0.322
Mag1c-SAS,25.0,SELECT-HIGHEST-TRANSMITTANCE,0.036,0.181,0.028,0.289,0.117,0.167,0.271,0.52,0.356
MF,25.0,SELECT-HIGHEST-TRANSMITTANCE,0.0368314629210306,0.152384194874236,0.0348441838661537,0.41643514749828,0.0418364719612854,0.0760342846129173,0.3913723428721621,0.2579213344476826,0.3109325732422895
ACE,25.0,SELECT-HIGHEST-VARIANCE,0.0625418370646626,0.156387718059124,0.0794323264923718,0.4530983304360613,0.0120990355579034,0.0235687181910816,0.4194434405493314,0.1167020735903351,0.1825993801123921
CEM,25.0,SELECT-HIGHEST-VARIANCE,0.056,0.18,0.061,0.436,0.064,0.112,0.409,0.311,0.353
Mag1c (tile-wise),25.0,SELECT-HIGHEST-VARIANCE,0.094,0.288,0.061,0.319,0.166,0.218,0.299,0.627,0.405
Mag1c-SAS,25.0,SELECT-HIGHEST-VARIANCE,0.087,0.276,0.063,0.37,0.151,0.214,0.347,0.61,0.442
MF,25.0,SELECT-HIGHEST-VARIANCE,0.0525197634832433,0.1762157535214087,0.048446855032592,0.4489441150365791,0.065114922128394,0.1137338670352997,0.4195748595459473,0.3089805813497728,0.3558836479564822
ACE,35.0,SELECT-EVENLY-SPACED,0.0801428780861957,0.170980576903828,0.1126399547752518,0.4146232583543845,0.0216684616676712,0.0411845917209831,0.375076387291783,0.185806917833636,0.2485072628762862
CEM,35.0,SELECT-EVENLY-SPACED,0.051,0.181,0.064,0.429,0.041,0.075,0.393,0.248,0.304
Mag1c (tile-wise),35.0,SELECT-EVENLY-SPACED,0.071,0.285,0.058,0.38,0.134,0.198,0.353,0.564,0.435
Mag1c-SAS,35.0,SELECT-EVENLY-SPACED,0.064,0.265,0.056,0.465,0.112,0.181,0.436,0.498,0.465
MF,35.0,SELECT-EVENLY-SPACED,0.0654936284257527,0.211875510539041,0.0720454205902559,0.4976602996707088,0.0542273888973457,0.09779822658858,0.4603081775470644,0.2975175723598989,0.3614281291920338
ACE,35.0,SELECT-HIGHEST-TRANSMITTANCE,0.063309440149703,0.1497829475254789,0.0788359219512162,0.3618053768466827,0.0206118726133554,0.039001830324969,0.3333114301672307,0.1837303139624172,0.2368838276877383
CEM,35.0,SELECT-HIGHEST-TRANSMITTANCE,0.058,0.194,0.053,0.421,0.058,0.102,0.398,0.316,0.352
Mag1c (tile-wise),35.0,SELECT-HIGHEST-TRANSMITTANCE,0.05,0.23,0.04,0.282,0.149,0.195,0.263,0.588,0.363
Mag1c-SAS,35.0,SELECT-HIGHEST-TRANSMITTANCE,0.051,0.222,0.04,0.344,0.142,0.201,0.324,0.559,0.411
MF,35.0,SELECT-HIGHEST-TRANSMITTANCE,0.0513508091405116,0.1756562535918928,0.0529048298320076,0.4303998235377529,0.0552757921546038,0.0979694694177145,0.4021355586950094,0.3030733726872945,0.3456467285866376
ACE,35.0,SELECT-HIGHEST-VARIANCE,0.0865448535880595,0.1820080880652481,0.1304379107499651,0.4187091996701836,0.0241605067869792,0.0456848879609724,0.3728619771988041,0.2102914744195526,0.2689161651106582
CEM,35.0,SELECT-HIGHEST-VARIANCE,0.066,0.201,0.078,0.425,0.079,0.134,0.387,0.371,0.379
Mag1c (tile-wise),35.0,SELECT-HIGHEST-VARIANCE,0.127,0.343,0.097,0.385,0.187,0.252,0.356,0.669,0.465
Mag1c-SAS,35.0,SELECT-HIGHEST-VARIANCE,0.116,0.332,0.101,0.451,0.164,0.241,0.419,0.642,0.507
MF,35.0,SELECT-HIGHEST-VARIANCE,0.0735446371033377,0.2205461987223363,0.0773881221314021,0.4564490123891203,0.088982716802716,0.1489318315400578,0.4172487433058449,0.3992919530400116,0.4080729016046835
ACE,50.0,SELECT-EVENLY-SPACED,0.108484848900101,0.2078905611134891,0.1685735864432039,0.3817834241028522,0.0531567559425224,0.093320273587134,0.3343824949896508,0.3951115735205056,0.3622192405838159
CEM,50.0,SELECT-EVENLY-SPACED,0.076,0.218,0.093,0.436,0.079,0.134,0.394,0.362,0.377
Mag1c (tile-wise),50.0,SELECT-EVENLY-SPACED,0.111,0.361,0.089,0.432,0.195,0.269,0.403,0.679,0.506
Mag1c-SAS,50.0,SELECT-EVENLY-SPACED,0.099,0.347,0.086,0.523,0.171,0.258,0.496,0.625,0.553
MF,50.0,SELECT-EVENLY-SPACED,0.1010292665806776,0.2669646264979205,0.112059370248782,0.4880389057239941,0.1092851254296927,0.1785811058818555,0.4508262969412228,0.4548914304657716,0.4528497409326424
ACE,50.0,SELECT-HIGHEST-TRANSMITTANCE,0.0934128086043619,0.1874172039124714,0.1345852064347399,0.3434554038937235,0.0515905040718134,0.0897062192306584,0.3048526464500443,0.3735396655421454,0.3357188859059431
CEM,50.0,SELECT-HIGHEST-TRANSMITTANCE,0.081,0.221,0.091,0.415,0.093,0.152,0.382,0.396,0.389
Mag1c (tile-wise),50.0,SELECT-HIGHEST-TRANSMITTANCE,0.107,0.313,0.092,0.35,0.196,0.251,0.328,0.661,0.439
Mag1c-SAS,50.0,SELECT-HIGHEST-TRANSMITTANCE,0.095,0.303,0.082,0.413,0.181,0.252,0.392,0.625,0.482
MF,50.0,SELECT-HIGHEST-TRANSMITTANCE,0.0816607123649218,0.2255484199893035,0.084828479420052,0.4372692467267828,0.1056711629158438,0.1702092862801216,0.4051779084666688,0.4266055997952138,0.4156157532538436
ACE,50.0,SELECT-HIGHEST-VARIANCE,0.1054746341514588,0.1993526148494657,0.174114119459322,0.3707282743987942,0.054459104367992,0.0949676815252947,0.320024969609357,0.399525848632508,0.35538350961556
CEM,50.0,SELECT-HIGHEST-VARIANCE,0.072,0.209,0.098,0.407,0.093,0.151,0.361,0.404,0.382
Mag1c (tile-wise),50.0,SELECT-HIGHEST-VARIANCE,0.145,0.385,0.114,0.435,0.198,0.272,0.404,0.689,0.509
Mag1c-SAS,50.0,SELECT-HIGHEST-VARIANCE,0.132,0.37,0.113,0.509,0.168,0.252,0.474,0.632,0.542
MF,50.0,SELECT-HIGHEST-VARIANCE,0.0931119188814243,0.2493127416543051,0.1071741250286247,0.4539701379661676,0.1173057141073556,0.1864363460287915,0.4110129119164175,0.4663281966406477,0.4369267737271146
ACE,72.0,SELECT-EVENLY-SPACED,0.1183528864191367,0.2130647471785418,0.205439329891952,0.3156100814562337,0.1369858329819122,0.1910494926117144,0.263869632355357,0.648080305989058,0.3750396921755048
CEM,72.0,SELECT-EVENLY-SPACED,0.086,0.228,0.119,0.399,0.114,0.178,0.352,0.444,0.393
Mag1c (tile-wise),72.0,SELECT-EVENLY-SPACED,0.125,0.383,0.11,0.437,0.228,0.3,0.404,0.722,0.518
Mag1c-SAS,72.0,SELECT-EVENLY-SPACED,0.112,0.359,0.1,0.528,0.194,0.284,0.495,0.653,0.563
MF,72.0,SELECT-EVENLY-SPACED,0.1058304923248268,0.264799213526293,0.1305630193688461,0.4408667657516188,0.1481674329941488,0.2217939030125607,0.3965108256398462,0.5271235892239421,0.4525821173699941
ACE,72.0,SELECT-HIGHEST-TRANSMITTANCE,0.1140286707988202,0.2083760979951146,0.1948427370517727,0.3084570582272897,0.1312410618519842,0.1841364791379605,0.2602621808982488,0.6361913328407595,0.3694035244796985
CEM,72.0,SELECT-HIGHEST-TRANSMITTANCE,0.08,0.218,0.111,0.4,0.109,0.172,0.353,0.434,0.389
Mag1c (tile-wise),72.0,SELECT-HIGHEST-TRANSMITTANCE,0.128,0.372,0.111,0.43,0.218,0.289,0.398,0.682,0.503
Mag1c-SAS,72.0,SELECT-HIGHEST-TRANSMITTANCE,0.111,0.348,0.099,0.51,0.186,0.273,0.478,0.635,0.545
MF,72.0,SELECT-HIGHEST-TRANSMITTANCE,0.1031788128266654,0.257926834249149,0.124194353879645,0.4373427726630569,0.1406700552889366,0.2128708189010595,0.3946446758878996,0.4960560983869236,0.4395772493394521
ACE,72.0,SELECT-HIGHEST-VARIANCE,0.119444393909974,0.2123702690725392,0.2061463759323247,0.3149115850616305,0.1412482480006595,0.19502247432203,0.2646318625357295,0.6669702891590209,0.378920528586281
CEM,72.0,SELECT-HIGHEST-VARIANCE,0.081,0.219,0.114,0.398,0.112,0.174,0.35,0.443,0.391
Mag1c (tile-wise),72.0,SELECT-HIGHEST-VARIANCE,0.152,0.396,0.124,0.445,0.205,0.28,0.411,0.703,0.518
Mag1c-SAS,72.0,SELECT-HIGHEST-VARIANCE,0.131,0.373,0.116,0.53,0.168,0.255,0.495,0.623,0.551
MF,72.0,SELECT-HIGHEST-VARIANCE,0.1049029433638862,0.2607473966397972,0.1280352683956519,0.4407144620264798,0.1440939608839741,0.2171798146688769,0.396615960837139,0.518227556837695,0.4493387479202105
